Date,Open,High,Low,Close,Volume (BTC),Volume (Currency),Weighted Price
2017-10-04,4311.38,4354.87,4170.26,4223.57,1304.54,5552053.5918,4255.94737747
2017-10-03,4397.62,4445.57,4220.0,4310.11,1448.73,6243934.0633,4309.93633272
2017-10-02,4411.54,4488.01,4369.63,4396.83,1219.12,5390220.4548,4421.40269604
2017-10-01,4375.67,4411.9,4252.13,4403.36,1300.34,5631905.2448,4331.10205392
2017-09-30,4161.94,4396.11,4150.4,4371.55,1333.55,5735379.4913,4300.83573267
2017-09-29,4188.45,4240.02,4018.32,4163.28,1822.1,7534747.6773,4135.1998668
2017-09-28,4204.41,4275.19,4117.63,4188.23,1723.79,7226857.2171,4192.42321692
2017-09-27,3880.53,4219.48,3876.46,4203.0,1909.12,7760209.5355,4064.80972149
2017-09-26,3926.36,3980.76,3848.95,3879.06,1384.71,5420345.9429,3914.42680626
2017-09-25,3657.01,3969.95,3638.8,3930.77,1761.27,6729424.5822,3820.77965457
2017-09-24,3784.12,3790.35,3624.33,3660.86,1594.27,5878892.2275,3687.51355009
2017-09-23,3603.4,3826.58,3560.03,3783.75,1693.87,6283987.193,3709.84030238
2017-09-22,3596.13,3715.0,3504.99,3598.47,2243.96,8114213.708,3616.02421968
2017-09-21,3877.02,3906.39,3580.0,3595.26,2564.37,9604901.9633,3745.52110784
2017-09-20,3896.79,4044.37,3828.75,3869.61,1665.88,6560776.529,3938.32480671
2017-09-19,4084.26,4107.58,3836.85,3901.04,2095.05,8270904.6328,3947.83161872
2017-09-18,3671.61,4113.15,3662.98,4082.96,2470.05,9721005.2545,3935.54999069
2017-09-17,3678.21,3763.24,3500.04,3669.9,2076.64,7553492.2049,3637.36237619
2017-09-16,3694.29,3850.0,3511.11,3675.75,2988.62,10991058.4103,3677.63663842
2017-09-15,3237.92,3809.67,2974.0,3691.48,6400.83,21693075.9753,3389.10359677
2017-09-14,3868.3,3922.51,3230.0,3232.98,4646.91,16525017.3033,3556.13026792
2017-09-13,4164.5,4164.5,3739.94,3862.54,3673.67,14405433.641,3921.26501319
2017-09-12,4201.74,4373.07,4076.88,4158.62,2677.82,11369096.7741,4245.65384309
2017-09-11,4222.24,4363.96,4122.38,4197.28,2658.77,11219654.0267,4219.86633921
2017-09-10,4319.91,4328.02,3973.92,4223.82,3250.86,13553560.2439,4169.22298835
2017-09-09,4303.58,4381.17,4153.6,4326.91,2983.52,12773072.7437,4281.2090228
2017-09-08,4618.12,4679.98,4100.1,4303.45,3313.73,14539263.492,4387.58241981
2017-09-07,4577.68,4674.44,4452.3,4613.19,2403.51,10993740.7573,4574.0357882
2017-09-06,4383.32,4625.8,4360.91,4582.64,2585.2,11644464.6436,4504.2799952
2017-09-05,4184.25,4474.04,3909.21,4370.52,2655.26,11258885.8978,4240.21975166
2017-09-04,4582.3,4599.63,4034.1,4185.2,2281.06,9840569.6223,4314.0336608
2017-09-03,4515.28,4708.99,4338.04,4588.74,1915.85,8703598.6078,4542.94365832
2017-09-02,4895.1,4975.0,4385.33,4525.28,2213.27,10252037.8475,4632.077355
2017-09-01,4720.66,4914.12,4662.17,4893.76,1660.73,7940347.8172,4781.2394653
2017-08-31,4575.24,4748.84,4558.3,4713.45,1429.95,6661996.9802,4658.90204567
2017-08-30,4595.54,4634.91,4477.67,4569.29,1638.88,7491879.9523,4571.34137478
2017-08-29,4377.33,4640.66,4337.29,4592.2,1810.38,8098629.6488,4473.4418458
2017-08-28,4336.09,4389.53,4171.91,4380.23,1806.2,7772040.1925,4302.97873574
2017-08-27,4342.8,4399.2,4306.74,4329.95,1301.65,5653633.0273,4343.43566035
2017-08-26,4353.21,4370.0,4251.01,4335.62,1409.88,6072142.0958,4306.85029634
2017-08-25,4323.85,4455.01,4267.9,4352.18,1350.24,5878930.3069,4353.98914778
2017-08-24,4130.64,4372.11,4103.0,4320.17,1475.55,6203938.9723,4204.49254332
2017-08-23,4082.26,4250.0,4048.97,4134.36,1490.31,6181094.1813,4147.52244922
2017-08-22,3985.22,4139.38,3601.79,4071.5,1727.55,6745311.9855,3904.55383954
2017-08-21,4069.04,4096.65,3951.01,3992.05,1554.2,6262434.6202,4029.36212855
2017-08-20,4153.7,4209.37,4000.0,4051.78,1429.13,5873086.3354,4109.55359932
2017-08-19,4089.57,4188.03,3542.93,4150.03,2030.63,8222874.6453,4049.42044848
2017-08-18,4277.32,4356.21,3950.0,4089.18,1865.12,7819646.5945,4192.57023382
2017-08-17,4378.38,4481.0,4181.72,4257.11,1367.72,5932314.1815,4337.37474154
2017-08-16,4155.92,4387.99,3921.13,4376.99,1273.56,5310495.0707,4169.80359834
2017-08-15,4315.08,4419.66,3800.0,4157.39,1334.9,5540674.4949,4150.62888224
2017-08-14,4033.8,4336.9,3975.0,4310.01,1609.63,6725828.6726,4178.49361195
2017-08-13,3861.61,4198.79,2640.0,4061.42,1725.2,6827984.5519,3957.79303959
2017-08-12,3647.44,3964.4,3584.95,3864.95,1436.79,5404229.3048,3761.32163002
2017-08-11,3414.99,3684.99,3387.4,3640.04,1405.3,4914420.7668,3497.06167139
2017-08-10,3343.12,3445.81,3305.4,3406.45,1162.08,3934915.2166,3386.09666856
2017-08-09,3420.36,3429.1,3232.99,3338.66,1572.6,5252840.0085,3340.22638211
2017-08-08,3389.93,3479.0,3343.65,3411.94,1319.74,4507842.8849,3415.70527899
2017-08-07,3228.99,3425.7,3180.21,3398.85,1599.62,5307129.1064,3317.74365562
2017-08-06,3250.69,3299.98,3157.32,3228.0,967.9,3127820.5833,3231.55344901
2017-08-05,2865.78,3329.99,2842.03,3249.27,1514.22,4784503.4955,3159.71489975
2017-08-04,2789.6,2880.0,2756.22,2868.9,1463.33,4140765.6936,2829.68687418
2017-08-03,2701.51,2813.56,2688.38,2784.15,1524.57,4184335.5253,2744.60046131
2017-08-02,2724.59,3122.12,2621.75,2692.0,1615.42,4401599.289,2724.73987508
2017-08-01,2847.67,2899.89,2560.0,2722.1,1395.79,3835852.1661,2748.15850959
2017-07-31,2739.23,2888.47,2701.0,2857.04,1353.29,3751387.116,2772.04968336
2017-07-30,2706.58,2749.82,2620.0,2742.34,1171.12,3157172.6743,2695.85753322
2017-07-29,2785.41,2793.76,2658.28,2719.04,1210.94,3288424.1271,2715.59625341
2017-07-28,2671.99,2837.62,2659.51,2786.58,1302.59,3582129.4889,2750.00536539
2017-07-27,2527.96,2684.62,2508.55,2662.04,1229.55,3155408.6272,2566.31176219
2017-07-26,2557.16,2616.68,2410.86,2520.17,1117.42,2780992.4155,2488.76198341
2017-07-25,2773.0,2788.13,2431.52,2560.85,1241.63,3230582.903,2601.88856825
2017-07-24,2743.14,2806.96,2703.59,2775.97,938.67,2590367.8063,2759.61499387
2017-07-23,2839.85,2876.97,2668.6,2742.0,1122.75,3122678.8571,2781.27709383
2017-07-22,2651.83,2889.37,2651.83,2839.42,484.14,1355555.3778,2799.92435618
2017-07-21,2840.1,2849.17,2613.31,2658.37,992.61,2704276.5818,2724.40997149
2017-07-20,2250.76,2912.32,2250.76,2844.05,1494.4,3656769.4084,2446.9816705
2017-07-19,2304.03,2402.31,2206.35,2249.05,1017.62,2336325.2876,2295.87202256
2017-07-18,2227.43,2381.7,2111.91,2300.81,1134.89,2568720.7571,2263.40945563
2017-07-17,1926.31,2226.87,1925.65,2216.41,1528.1,3127650.3834,2046.75766206
2017-07-16,1977.53,2118.48,1752.0,1929.28,1527.16,2910916.1013,1906.09765925
2017-07-15,2206.22,2208.16,1971.3,1976.27,1493.9,3062892.1447,2050.26584423
2017-07-14,2332.31,2346.44,2137.46,2206.72,1701.93,3873072.8901,2275.69458797
2017-07-13,2375.97,2403.21,2281.14,2328.38,1440.71,3374650.3688,2342.35229075
2017-07-12,2286.19,2399.15,2199.77,2379.82,703.42,1643501.3715,2336.44390478
2017-07-11,2309.41,2372.7,2188.7,2298.18,290.5,667631.2994,2298.21445577
2017-07-10,2481.22,2507.19,2250.0,2322.15,157.14,372828.0117,2372.58503055
2017-07-09,2551.07,2567.56,2469.12,2472.54,79.9,201446.2684,2521.22989237
2017-07-08,2467.86,2563.8,2431.26,2545.92,136.61,339584.9046,2485.79829149
2017-07-07,2590.91,2599.0,2439.19,2479.19,287.63,725815.3678,2523.43416125
2017-07-06,2598.14,2607.29,2530.31,2590.85,367.72,949366.4263,2581.76445747
2017-07-05,2578.17,2610.0,2482.26,2598.22,307.92,781674.5582,2538.56377696
2017-07-04,2538.58,2631.09,2519.69,2591.14,380.39,982059.0267,2581.71620363
2017-07-03,2437.8,2589.08,2418.19,2531.17,368.83,916697.4181,2485.41989019
2017-07-02,2346.83,2477.21,2303.63,2438.96,296.96,703410.1849,2368.70347825
2017-07-01,2414.97,2441.34,2287.04,2343.6,309.87,738772.3823,2384.13651628
2017-06-30,2464.29,2510.41,2407.62,2418.2,182.27,450052.1311,2469.15088111
2017-06-29,2514.19,2539.35,2399.09,2479.41,194.45,483618.727,2487.11096426
2017-06-28,2510.89,2561.35,2395.42,2517.8,240.44,597190.8445,2483.74165904
2017-06-27,2396.14,2513.0,2182.32,2513.0,169.85,398061.4645,2343.60591404
2017-06-26,2469.33,2508.84,2188.17,2398.21,172.2,407390.1984,2365.79673868
2017-06-25,2504.37,2597.9,2360.96,2469.33,92.77,231673.2761,2497.28658079
2017-06-24,2692.0,2695.4,2417.24,2498.96,132.9,343364.5559,2583.6309699
2017-06-23,2669.1,2720.95,2646.19,2681.7,106.39,285789.9938,2686.24864931
2017-06-22,2619.07,2710.84,2514.94,2669.1,179.22,470633.3734,2626.00922553
2017-06-21,2685.68,2759.34,2565.75,2616.64,154.61,414525.2042,2681.1021551
2017-06-20,2601.0,2770.88,2565.91,2670.95,168.31,445913.58,2649.35880221
2017-06-19,2493.18,2601.0,2471.5,2601.0,123.64,315635.1564,2552.85632805
2017-06-18,2604.97,2636.9,2414.79,2495.6,88.81,225167.779,2535.38767031
2017-06-17,2387.79,2639.62,2367.47,2618.07,86.74,218780.8101,2522.25974291
2017-06-16,2373.63,2464.07,2225.98,2437.7,104.17,249484.4139,2394.97373428
2017-06-15,2385.93,2519.74,1996.23,2367.55,154.33,347914.7726,2254.35607205
2017-06-14,2666.48,2750.0,2236.01,2391.06,54.88,136829.8553,2493.25538083
2017-06-13,2559.65,2731.55,2431.77,2673.94,26.7,70608.9689,2644.53067041
2017-06-12,2917.81,2969.99,2261.43,2572.61,122.75,320571.1929,2611.57794623
2017-06-11,2819.96,2968.0,2785.14,2917.72,53.64,154060.5515,2872.12064691
2017-06-10,2803.88,2885.71,2763.0,2815.68,54.46,153720.352,2822.62857143
2017-06-09,2772.48,2867.96,2768.91,2798.17,46.17,129788.646,2811.10344379
2017-06-08,2636.39,2784.33,2559.5,2778.06,51.96,140985.4607,2713.34604888
2017-06-07,2830.33,2850.69,2582.0,2655.59,43.69,121003.4822,2769.5921767
2017-06-06,2627.12,2900.0,2571.24,2839.19,133.47,367116.546,2750.55477635
2017-06-05,2479.45,2633.11,2472.86,2619.23,105.27,266488.9404,2531.48038757
2017-06-04,2460.41,2494.52,2361.98,2472.11,95.09,233724.1208,2457.92534231
2017-06-03,2399.99,2476.43,2345.13,2467.98,101.19,244376.5427,2415.02661034
2017-06-02,2307.22,2400.0,2271.4,2399.11,107.59,249111.9817,2315.3823004
2017-06-01,2204.12,2368.61,2188.1,2312.32,107.84,246380.0058,2284.68106269
2017-05-31,2134.83,2241.24,2019.22,2199.1,113.84,243862.3741,2142.150159
2017-05-30,2196.89,2245.0,2112.15,2128.83,119.98,264635.8299,2205.66619353
2017-05-29,2077.59,2519.37,2007.34,2190.99,124.8,274085.5201,2196.19807772
2017-05-28,1930.81,2100.0,1834.79,2081.89,292.36,575658.6483,1969.00618518
2017-05-27,2281.26,2519.37,1865.07,1917.45,639.81,1344993.2915,2102.1761015
2017-05-26,2219.44,2455.4,2173.0,2285.29,238.76,549901.9017,2303.1575712
2017-05-25,2396.97,2686.97,2199.28,2213.26,190.26,451928.5427,2375.32083833
2017-05-24,2241.78,2457.88,2231.72,2397.29,118.22,273157.2156,2310.58378954
2017-05-23,2089.3,2246.27,1984.0,2226.26,126.84,274747.8816,2166.09808893
2017-05-22,2029.98,2200.0,1984.0,2080.85,39.95,85114.2097,2130.51839049
2017-05-21,1999.99,2070.0,1945.81,1980.07,13.87,27787.1309,2003.39804614
2017-05-20,1891.67,2000.0,1834.79,1999.99,82.89,162354.7147,1958.67673664
2017-05-19,1924.99,1992.87,1833.89,1833.89,107.83,210163.4555,1949.02583233
2017-05-18,1870.97,1925.0,1819.98,1924.63,93.66,176040.1733,1879.56623212
2017-05-17,1784.01,1881.0,1771.41,1863.51,125.59,231859.0497,1846.15852934
2017-05-16,1763.05,1804.35,1682.97,1787.38,159.54,280477.9292,1758.0414266
2017-05-15,1829.33,1838.32,1730.01,1761.45,150.15,266613.7215,1775.64916084
2017-05-14,1825.47,1861.7,1783.84,1829.0,197.26,359848.4544,1824.23428166
2017-05-13,1731.09,1827.11,1660.85,1827.11,117.84,206396.765,1751.50004243
2017-05-12,1862.47,1866.23,1713.06,1732.6,118.08,213999.1679,1812.32357639
2017-05-11,1790.57,1897.22,1767.4,1858.49,100.23,186006.7402,1855.79906415
2017-05-10,1761.21,1800.0,1723.43,1792.25,195.8,347275.9112,1773.62569561
2017-05-09,1703.09,1799.9,1698.39,1766.36,123.39,216662.0887,1755.91286733
2017-05-08,1616.58,1716.89,1615.19,1707.62,84.16,140147.0589,1665.24547172
2017-05-07,1594.62,1656.32,1573.82,1617.51,134.63,214429.1762,1592.72952685
2017-05-06,1561.58,1615.1,1551.14,1596.21,61.35,97143.2572,1583.42717522
2017-05-05,1604.98,1671.13,1513.05,1540.0,121.28,196983.4799,1624.20415485
2017-05-04,1608.71,1750.0,1601.07,1604.77,103.59,169562.5643,1636.8622869
2017-05-03,1539.65,1610.0,1505.8,1608.24,24.49,38737.8116,1581.78079216
2017-05-02,1500.0,1546.0,1480.0,1539.65,52.38,79428.6933,1516.39353379
2017-05-01,1444.68,1551.81,1444.68,1518.55,14.04,20916.9719,1489.81281339
2017-04-30,1423.77,1439.2,1398.0,1439.2,0.94,1336.9287,1422.26457447
2017-04-29,1419.53,1439.19,1398.59,1423.77,1.21,1722.1515,1423.26570248
2017-04-28,1439.74,1480.0,1372.52,1401.97,7.5,10614.659,1415.28786667
2017-04-27,1404.67,1445.64,1355.0,1440.0,22.59,31808.491,1408.07839752
2017-04-26,1350.0,1428.0,1330.0,1396.78,19.28,26480.4232,1373.46593361
2017-04-25,1290.09,1350.0,1220.0,1349.0,22.26,29663.5563,1332.59462264
2017-04-24,1315.11,1349.0,1280.16,1316.11,2.89,3814.6659,1319.95359862
2017-04-23,1319.0,1355.0,1306.0,1315.11,11.04,14600.6658,1322.52407609
2017-04-22,1295.0,1319.0,1250.01,1319.0,6.13,7974.5049,1300.8980261
2017-04-21,1265.0,1340.0,1245.0,1295.0,7.51,9720.4323,1294.33186418
2017-04-20,1250.01,1295.0,1180.05,1215.32,2.21,2797.2847,1265.73968326
2017-04-19,1200.0,1262.66,1180.06,1262.66,1.39,1732.2665,1246.23489209
2017-04-18,1227.98,1250.0,1189.0,1249.98,0.61,731.2689,1198.80147541
2017-04-17,1174.02,1225.0,1174.02,1225.0,0.74,888.4833,1200.65310811
2017-04-16,1199.99,1199.99,1199.99,1199.99,0.07,83.9993,1199.99
2017-04-15,1174.04,1200.0,1174.04,1184.01,0.58,689.2226,1188.31482759
2017-04-14,1210.0,1222.07,1174.04,1174.04,0.96,1128.3986,1175.41520833
2017-04-13,1227.0,1228.88,1227.0,1228.88,0.02,24.5588,1227.94
2017-04-12,1199.0,1228.0,1190.0,1228.0,0.69,825.3592,1196.17275362
2017-04-11,1174.0,1200.0,1174.0,1198.99,0.23,272.8698,1186.39043478
2017-04-10,1080.03,1200.0,1080.02,1174.0,2.52,2948.388,1169.9952381
2017-04-09,1080.01,1180.0,1080.01,1180.0,0.23,268.9117,1169.18130435
2017-04-08,1140.0,1177.0,1087.15,1174.99,0.42,476.4346,1134.36809524
2017-04-07,1175.0,1175.0,1135.0,1175.0,0.38,434.5273,1143.49289474
2017-04-06,1087.56,1169.54,1087.4,1169.54,5.04,5791.732,1149.1531746
2017-04-05,1101.01,1141.0,1087.56,1087.56,2.35,2648.1405,1126.86829787
2017-04-04,1099.83,1135.0,1050.0,1101.01,1.18,1282.0199,1086.45754237
2017-04-03,998.0,1099.84,946.0,1099.83,2.73,2887.27,1057.60805861
2017-04-02,969.99,1010.0,932.02,997.0,0.89,877.1967,985.614269663
2017-04-01,870.01,977.84,870.0,969.99,0.46,441.3378,959.43
2017-03-31,946.0,977.99,845.0,977.84,1.96,1790.806,913.676530612
2017-03-30,881.02,948.67,650.0,750.0,4.48,3676.3769,820.61984375
2017-03-29,850.0,977.99,850.0,858.02,0.7,630.6856,900.979428571
2017-03-28,1015.5,1016.0,734.0,978.0,6.08,5401.8604,888.463881579
2017-03-27,958.69,1024.87,958.69,1016.0,32.62,33164.3963,1016.68903433
2017-03-26,952.33,990.5,942.27,964.41,9.24,8887.528,961.853679654
2017-03-25,927.97,981.31,900.09,959.75,17.05,15889.3133,931.924533724
2017-03-24,1028.67,1031.38,921.97,921.97,12.91,12592.4475,975.402594888
2017-03-23,1040.0,1049.47,1023.7,1028.79,12.98,13466.1205,1037.45150231
2017-03-22,1105.93,1109.33,1000.0,1024.2,9.6,9897.6553,1031.00576042
2017-03-21,1040.32,1125.17,1040.32,1113.59,10.81,11816.0573,1093.0672803
2017-03-20,1020.94,1055.64,1012.34,1035.8,4.18,4345.9025,1039.6895933
2017-03-19,982.93,1055.0,974.91,1027.99,12.66,12891.5593,1018.29062401
2017-03-18,1067.76,1098.07,929.5,990.64,18.88,18638.8509,987.227272246
2017-03-17,1170.0,1170.0,1068.94,1080.2,5.05,5638.6523,1116.56481188
2017-03-16,1251.83,1260.93,1145.0,1179.44,3.87,4667.4884,1206.06935401
2017-03-15,1248.11,1255.91,1245.0,1255.91,0.96,1199.2934,1249.26395833
2017-03-14,1234.84,1255.0,1229.53,1251.26,1.63,2027.3091,1243.74791411
2017-03-13,1225.26,1244.0,1212.93,1230.23,2.72,3356.2552,1233.91735294
2017-03-12,1180.24,1240.88,1167.36,1229.86,5.84,6981.0387,1195.38333904
2017-03-11,1150.0,1189.99,1125.02,1164.68,1.44,1686.0443,1170.86409722
2017-03-10,1191.17,1301.09,1069.0,1122.99,11.46,13482.8096,1176.5104363
2017-03-09,1142.35,1213.74,1136.24,1190.0,4.14,4899.0555,1183.34673913
2017-03-08,1229.2,1238.73,1139.77,1142.83,5.87,6971.2351,1187.60393526
2017-03-07,1270.04,1278.67,1200.0,1239.71,4.59,5687.6085,1239.13039216
2017-03-06,1259.03,1275.46,1259.03,1267.87,0.11,139.7684,1270.62181818
2017-03-05,1251.84,1269.46,1247.74,1258.23,0.99,1238.8382,1251.35171717
2017-03-04,1279.63,1288.11,1238.72,1256.22,5.37,6806.0233,1267.41588454
2017-03-03,1264.0,1290.0,1255.77,1279.9,3.7,4705.3595,1271.71878378
2017-03-02,1224.99,1312.11,1219.94,1259.32,5.62,7061.5478,1256.50316726
2017-03-01,1190.6,1224.99,1187.61,1224.99,4.1,4948.0036,1206.83014634
2017-02-28,1190.17,1197.35,1182.57,1196.22,1.04,1237.8141,1190.20586538
2017-02-27,1183.3,1186.8,1178.56,1181.14,2.26,2670.3353,1181.56429204
2017-02-26,1145.5,1184.07,1137.29,1184.07,2.21,2580.8962,1167.82633484
2017-02-25,1173.53,1189.0,1140.24,1150.42,3.81,4407.0182,1156.69769029
2017-02-24,1178.2,1203.1,1139.66,1176.67,7.45,8840.6797,1186.66841611
2017-02-23,1126.27,1190.0,1125.76,1189.99,1.25,1463.1211,1170.49688
2017-02-22,1126.69,1135.16,1107.87,1134.54,1.77,2001.3791,1130.72265537
2017-02-21,1079.78,1120.0,1079.78,1120.0,1.67,1845.053,1104.82215569
2017-02-20,1045.68,1080.0,1042.53,1075.04,1.17,1245.705,1064.70512821
2017-02-19,1056.12,1061.0,1043.6,1045.85,0.49,516.6038,1054.29346939
2017-02-18,1050.42,1063.27,1050.42,1051.47,0.47,496.128,1055.59148936
2017-02-17,1033.79,1058.22,1031.14,1056.68,1.41,1462.6811,1037.36248227
2017-02-16,1006.85,1036.85,1006.85,1035.03,0.43,440.9862,1025.54930233
2017-02-15,1004.16,1010.06,1002.64,1004.47,0.13,130.8309,1006.39153846
2017-02-14,997.28,1021.07,997.28,1006.5,1.53,1540.616,1006.93856209
2017-02-13,997.84,1007.0,985.0,993.71,0.35,349.6635,999.038571429
2017-02-12,1010.24,1010.24,997.84,997.84,0.84,842.906,1003.45952381
2017-02-11,994.76,1014.72,993.16,1014.72,1.53,1537.3449,1004.80058824
2017-02-10,983.66,1013.93,964.66,994.71,2.16,2121.975,982.395833333
2017-02-09,1059.01,1069.49,935.56,983.66,6.08,6099.1332,1003.14690789
2017-02-08,1049.96,1072.43,1028.55,1044.82,1.53,1613.4895,1054.56830065
2017-02-07,1021.45,1050.0,1021.45,1047.63,1.88,1958.8173,1041.92409574
2017-02-06,1011.87,1034.31,1011.87,1034.31,0.26,266.3824,1024.54769231
2017-02-05,1023.69,1023.69,1010.5,1011.87,1.65,1672.3765,1013.56151515
2017-02-04,1018.58,1035.0,1010.03,1022.15,1.73,1767.2456,1021.52924855
2017-02-03,1005.29,1022.83,993.55,1005.7,0.62,623.6772,1005.93096774
2017-02-02,979.05,1005.29,979.05,1005.29,0.78,776.7185,995.792948718
2017-02-01,965.55,977.96,959.95,977.96,1.41,1363.547,967.054609929
2017-01-31,916.06,966.02,916.06,958.69,7.0,6640.6592,948.6656
2017-01-30,915.12,919.0,915.12,919.0,0.12,110.0955,917.4625
2017-01-29,914.12,917.23,913.53,913.53,0.07,64.1016,915.737142857
2017-01-28,916.78,919.1,912.0,912.83,0.14,128.3075,916.482142857
2017-01-27,913.77,923.23,910.5,916.55,0.4,364.9538,912.3845
2017-01-26,896.33,909.12,896.33,909.12,0.16,144.0419,900.261875
2017-01-25,895.86,895.86,888.41,894.08,0.32,285.8794,893.373125
2017-01-24,914.0,915.49,891.32,891.32,2.73,2458.4526,900.532087912
2017-01-23,920.0,925.0,915.0,920.55,0.1,91.8388,918.388
2017-01-22,922.22,932.5,910.0,913.23,0.13,119.3752,918.270769231
2017-01-21,905.88,921.4,905.88,920.6,1.1,1003.5341,912.303727273
2017-01-20,887.72,905.14,886.0,905.14,0.33,294.8928,893.614545455
2017-01-19,883.56,905.22,883.56,897.3,0.55,490.6007,892.001272727
2017-01-18,915.13,936.42,855.32,870.5,3.55,3265.9317,919.980760563
2017-01-17,859.99,967.94,859.99,928.92,20.08,18518.4251,922.232325697
2017-01-16,822.04,855.75,822.04,855.75,10.36,8769.4564,846.472625483
2017-01-15,816.05,822.16,810.58,812.23,0.24,195.8276,815.948333333
2017-01-14,827.17,832.3,823.01,830.46,0.13,107.6997,828.459230769
2017-01-13,807.37,828.4,788.99,821.35,0.32,258.1617,806.7553125
2017-01-12,802.0,819.78,766.0,816.11,3.92,3081.3031,786.046709184
2017-01-11,905.9,912.5,759.38,812.35,5.56,4491.0026,807.734280576
2017-01-10,893.22,910.04,893.22,899.78,0.06,54.0551,900.918333333
2017-01-09,880.32,898.62,880.32,889.62,0.1,88.8759,888.759
2017-01-08,885.0,930.38,885.0,901.89,1.59,1454.1479,914.558427673
2017-01-07,943.36,968.0,828.32,899.09,2.76,2462.438,892.187681159
2017-01-06,999.0,1018.77,901.0,935.0,6.78,6334.3337,934.267507375
2017-01-05,1093.8,1125.0,920.9,999.99,3.58,3747.7465,1046.85656425
2017-01-04,1034.16,1124.23,1034.16,1118.11,11.82,13041.2002,1103.31642978
2017-01-03,1019.9,1027.83,1018.0,1021.72,0.79,804.8431,1018.78873418
2017-01-02,993.0,1038.0,992.68,1008.25,13.13,13399.9869,1020.56259711
2017-01-01,962.04,995.0,959.71,995.0,9.16,9071.1353,990.298613537
2016-12-31,949.43,950.0,949.43,949.59,0.04,37.9902,949.755
2016-12-30,967.88,967.88,930.8,937.31,19.1,18037.7025,944.382329843
2016-12-29,974.13,978.94,945.0,945.0,14.8,14065.9018,950.39877027
2016-12-28,930.18,966.8,930.18,960.02,0.82,779.2183,950.266219512
2016-12-27,893.39,928.02,893.21,928.01,14.61,13512.5181,924.881457906
2016-12-26,903.07,911.34,891.71,895.0,0.47,423.9194,901.956170213
2016-12-25,888.43,888.95,862.29,888.95,0.43,372.7392,866.835348837
2016-12-24,916.0,923.31,891.16,895.12,0.84,760.6069,905.484404762
2016-12-23,859.85,915.48,859.61,915.48,163.57,148027.0508,904.976773247
2016-12-22,828.36,874.19,827.84,860.27,25.39,21752.4745,856.733930681
2016-12-21,798.0,834.32,798.0,834.32,17.3,14047.064,811.969017341
2016-12-20,791.02,801.01,788.01,801.01,19.1,15115.6141,791.393408377
2016-12-19,788.35,794.28,788.1,790.64,25.81,20411.4145,790.833572259
2016-12-18,788.95,791.17,781.05,788.36,22.8,17962.6672,787.836280702
2016-12-17,781.34,790.13,780.57,787.62,18.13,14269.7053,787.076960838
2016-12-16,776.55,782.39,773.0,781.31,20.13,15667.4069,778.311321411
2016-12-15,777.08,778.7,772.86,775.75,17.44,13549.2414,776.906043578
2016-12-14,775.35,781.18,772.71,777.06,19.35,15036.7211,777.091529716
2016-12-13,776.42,787.59,770.0,777.23,23.16,18015.4129,777.867569085
2016-12-12,769.12,779.06,765.53,778.08,26.07,20149.1557,772.886678174
2016-12-11,770.96,774.93,760.45,768.34,27.99,21451.6844,766.405301894
2016-12-10,769.66,777.85,766.23,770.96,24.82,19135.0919,770.954548751
2016-12-09,763.17,773.44,762.95,769.66,23.45,18011.6479,768.08733049
2016-12-08,765.68,774.69,759.01,763.33,28.96,22166.8134,765.428639503
2016-12-07,755.76,771.01,747.8,759.37,17.9,13610.6625,760.372206704
2016-12-06,751.72,759.39,744.88,755.92,27.74,20878.1157,752.63574982
2016-12-05,757.16,762.14,740.28,745.79,25.56,19162.5856,749.709921753
2016-12-04,756.63,764.99,755.01,762.15,28.58,21669.1028,758.191140658
2016-12-03,765.95,768.97,747.72,763.1,33.33,25313.3441,759.476270627
2016-12-02,747.89,773.26,747.26,765.93,26.94,20589.117,764.258240535
2016-12-01,742.2,751.55,737.04,746.6,21.79,16216.2908,744.207930243
2016-11-30,727.41,743.48,726.01,742.21,27.39,20133.9082,735.082446148
2016-11-29,726.49,733.17,723.01,731.51,25.71,18707.2655,727.626040451
2016-11-28,727.49,732.62,723.01,725.94,21.31,15509.1538,727.787602065
2016-11-27,727.01,734.95,718.38,725.01,19.12,13863.1413,725.059691423
2016-11-26,733.61,737.25,719.07,727.01,23.96,17485.1963,729.766122705
2016-11-25,735.8,740.01,724.05,734.37,25.94,18980.7238,731.716414803
2016-11-24,737.09,741.32,725.86,731.75,25.67,18872.8053,735.208620958
2016-11-23,744.75,748.99,731.02,740.33,26.67,19746.7801,740.411702287
2016-11-22,733.57,749.0,729.79,744.77,20.15,14896.5312,739.281945409
2016-11-21,745.89,745.89,726.65,733.77,12.73,9364.218,735.602356638
2016-11-20,750.9,751.44,730.0,749.89,13.01,9674.5706,743.625718678
2016-11-19,749.14,751.44,739.9,750.88,31.19,23256.9574,745.654293043
2016-11-18,736.97,750.06,728.57,749.14,24.65,18252.1989,740.45431643
2016-11-17,739.99,757.76,731.4,737.25,22.18,16438.0877,741.122078449
2016-11-16,711.91,739.99,706.04,735.25,30.11,21686.0884,720.228774494
2016-11-15,699.48,714.99,699.48,711.78,22.33,15848.9515,709.760479176
2016-11-14,701.67,705.6,698.01,700.18,30.72,21491.4277,699.590745443
2016-11-13,701.28,704.41,687.14,698.01,19.9,13807.9884,693.868763819
2016-11-12,712.95,716.57,701.26,701.28,10.41,7373.1875,708.279298751
2016-11-11,714.65,720.99,712.38,712.38,21.62,15450.4687,714.637775208
2016-11-10,718.01,725.44,711.8,714.64,19.3,13801.088,715.082279793
2016-11-09,709.7,737.2,701.94,721.66,24.31,17555.6724,722.158469766
2016-11-08,699.55,713.54,697.72,709.55,30.88,21726.2207,703.569323187
2016-11-07,703.08,708.77,697.4,708.77,25.78,18090.5185,701.726861908
2016-11-06,700.76,714.7,694.44,710.17,24.6,17335.068,704.677560976
2016-11-05,703.1,708.39,692.49,707.73,22.02,15421.1941,700.326707539
2016-11-04,681.43,705.65,681.43,698.41,23.86,16604.1467,695.898855826
2016-11-03,735.66,748.23,680.96,685.26,26.5,19195.2158,724.347766038
2016-11-02,723.57,734.33,717.08,734.33,25.86,18682.6658,722.45420727
2016-11-01,691.5,734.66,691.5,726.55,27.28,19591.5768,718.166304985
2016-10-31,696.87,707.85,682.06,697.78,18.33,12774.2453,696.903726132
2016-10-30,712.46,712.46,695.0,697.87,20.8,14580.1185,700.967235577
2016-10-29,685.77,716.55,685.77,713.63,25.92,18190.0307,701.775875772
2016-10-28,685.44,685.97,675.1,685.97,23.31,15912.4718,682.645722866
2016-10-27,672.06,685.77,667.03,685.77,22.73,15370.4616,676.2191641
2016-10-26,652.12,675.99,651.19,672.06,27.23,18024.5866,661.938545722
2016-10-25,643.42,657.62,643.42,649.01,20.21,13118.651,649.116823355
2016-10-24,650.09,656.96,642.47,649.19,17.23,11159.0332,647.651375508
2016-10-23,648.26,653.96,648.22,648.24,23.29,15122.9168,649.330905968
2016-10-22,629.13,653.96,627.01,650.39,26.04,16569.7476,636.319032258
2016-10-21,628.99,632.27,624.75,629.12,22.09,13892.8606,628.920805794
2016-10-20,624.67,630.19,622.64,625.44,19.09,11956.2622,626.310225249
2016-10-19,632.4,634.99,621.95,628.1,24.41,15358.675,629.196026219
2016-10-18,634.01,637.8,631.96,634.99,19.29,12246.0536,634.839481597
2016-10-17,635.37,638.98,631.96,637.11,24.49,15545.3628,634.763691303
2016-10-16,635.37,638.99,635.37,635.37,23.9,15214.0256,636.570108787
2016-10-15,637.13,638.99,635.37,635.37,24.02,15291.2047,636.603026644
2016-10-14,631.56,639.26,629.2,635.37,19.25,12200.4136,633.787719481
2016-10-13,631.07,638.35,629.53,631.56,24.83,15721.5464,633.167394281
2016-10-12,633.2,639.14,630.77,631.07,21.85,13844.2209,633.602787185
2016-10-11,612.57,640.01,612.57,635.42,24.4,15352.3804,629.195918033
2016-10-10,615.62,616.48,611.14,616.47,18.07,11084.1736,613.401970116
2016-10-09,611.11,611.14,611.11,611.14,0.1,61.1137,611.137
2016-10-08,610.87,617.03,610.87,611.11,8.3,5087.9894,613.010771084
2016-10-07,610.42,616.47,605.03,614.77,26.09,15915.2737,610.014323496
2016-10-06,610.99,610.99,605.11,606.09,37.37,22722.7732,608.048520203
2016-10-05,610.99,611.0,606.02,610.99,23.76,14486.7078,609.709924242
2016-10-04,607.54,610.99,607.52,607.52,6.51,3962.2194,608.635852535
2016-10-03,610.98,610.99,607.53,607.54,20.55,12527.991,609.63459854
2016-10-02,610.98,610.98,605.98,605.99,0.06,36.509,608.483333333
2016-10-01,610.98,610.98,610.98,610.98,0.03,18.3294,610.98
2016-09-30,606.0,610.98,604.01,610.98,1.8,1091.6729,606.484944444
2016-09-29,611.0,611.0,606.0,606.06,0.17,103.266,607.447058824
2016-09-28,604.03,608.24,599.89,607.58,8.07,4881.4732,604.891350682
2016-09-27,604.01,610.99,604.01,606.11,7.55,4584.1351,607.170211921
2016-09-26,600.05,608.27,599.76,608.19,5.09,3078.098,604.734381139
2016-09-25,598.24,604.98,598.23,599.56,22.31,13406.4855,600.918220529
2016-09-24,599.11,607.37,595.93,602.81,19.42,11667.2048,600.782945417
2016-09-23,599.4,599.98,593.01,599.81,15.64,9344.0534,597.445869565
2016-09-22,597.0,597.93,593.01,597.51,11.79,7033.4904,596.564071247
2016-09-21,605.41,605.41,592.16,596.01,6.25,3732.2568,597.161088
2016-09-20,606.9,611.78,605.21,605.41,23.18,14079.4011,607.39435289
2016-09-19,605.69,609.12,604.01,606.85,27.51,16699.9493,607.050138132
2016-09-18,604.7,609.14,604.01,607.38,23.37,14178.2535,606.686071887
2016-09-17,606.36,610.8,604.02,604.87,16.08,9763.6956,607.195
2016-09-16,606.1,612.24,606.1,608.57,22.36,13584.9662,607.556627907
2016-09-15,610.75,612.34,606.08,607.52,21.78,13259.0749,608.77295225
2016-09-14,606.1,612.65,606.09,610.52,24.15,14699.2245,608.663540373
2016-09-13,604.35,612.65,604.02,610.88,20.34,12373.4852,608.332605703
2016-09-12,604.02,610.74,604.01,609.83,28.39,17214.3297,606.351873899
2016-09-11,619.19,629.15,596.89,604.01,27.58,17087.3541,619.555986222
2016-09-10,618.9,626.19,617.02,624.45,31.84,19817.3935,622.405574749
2016-09-09,623.28,631.44,613.61,619.52,25.0,15554.3445,622.17378
2016-09-08,611.39,629.84,610.8,624.06,20.96,13007.9861,620.610023855
2016-09-07,606.26,613.54,605.01,612.0,11.64,7078.6861,608.134544674
2016-09-06,602.79,612.45,600.01,606.51,17.19,10389.29,604.379872019
2016-09-05,603.04,608.97,598.09,604.99,22.86,13775.1519,602.587572178
2016-09-04,594.13,609.99,591.04,608.52,24.87,14912.4489,599.615958987
2016-09-03,576.52,599.68,569.79,592.77,18.85,10914.237,579.004615385
2016-09-02,568.97,575.63,568.0,569.79,21.99,12550.9423,570.756812187
2016-09-01,569.14,573.99,568.0,573.59,18.47,10553.1192,571.365414185
2016-08-31,575.01,579.16,569.07,572.41,21.33,12210.8708,572.474017815
2016-08-30,568.8,579.49,568.02,575.01,18.69,10744.0303,574.854483681
2016-08-29,570.78,577.82,568.71,573.75,24.4,13995.9948,573.606344262
2016-08-28,569.55,577.82,568.01,575.28,18.41,10526.1139,571.760668115
2016-08-27,575.92,579.89,568.0,569.38,21.9,12563.8724,573.692803653
2016-08-26,573.28,579.99,571.88,579.89,31.55,18222.6917,577.581353407
2016-08-25,581.42,581.42,571.15,573.89,26.71,15345.1518,574.509614377
2016-08-24,584.67,584.67,573.66,580.49,24.27,14056.3831,579.167000412
2016-08-23,585.5,588.99,580.5,584.28,12.42,7251.9285,583.891183575
2016-08-22,576.09,587.62,576.09,585.11,18.42,10683.8528,580.013724213
2016-08-21,576.37,585.05,575.12,581.22,31.33,18164.3744,579.775754868
2016-08-20,570.04,584.58,570.04,581.87,23.86,13739.3153,575.830481978
2016-08-19,568.64,584.94,568.01,573.77,33.92,19476.1782,574.17978184
2016-08-18,569.14,578.74,568.01,568.04,32.34,18514.5143,572.495803958
2016-08-17,572.29,581.92,563.94,572.44,25.26,14470.079,572.845566112
2016-08-16,562.03,582.29,560.33,572.64,21.91,12519.9501,571.42629393
2016-08-15,570.47,575.3,556.45,568.59,22.84,12942.2595,566.648839755
2016-08-14,582.03,586.85,564.0,570.28,24.84,14299.8555,575.678562802
2016-08-13,583.48,591.0,580.17,585.93,20.74,12149.541,585.802362584
2016-08-12,587.27,593.65,578.92,583.83,34.88,20459.1651,586.558632454
2016-08-11,589.8,596.35,584.99,585.01,17.99,10647.0219,591.830011117
2016-08-10,580.2,600.25,580.18,590.78,25.48,15101.3768,592.675698587
2016-08-09,588.76,590.83,581.26,586.83,25.97,15222.7087,586.165140547
2016-08-08,589.85,595.84,583.11,593.08,21.9,12904.4273,589.243255708
2016-08-07,591.49,599.87,580.41,590.54,18.23,10755.463,589.986999451
2016-08-06,572.3,593.32,564.0,591.32,22.31,12791.6202,573.35814433
2016-08-05,575.26,580.24,564.02,572.31,29.09,16618.8745,571.291663802
2016-08-04,567.71,585.05,561.49,574.78,24.24,13846.3325,571.218337459
2016-08-03,536.08,574.01,521.51,561.7,30.61,16875.2944,551.300045737
2016-08-02,608.86,615.61,484.7,535.83,35.95,21148.5793,588.277588317
2016-08-01,626.02,629.18,606.9,607.52,23.5,14587.4284,620.741634043
2016-07-31,653.11,655.69,617.39,626.21,19.35,12300.2508,635.671875969
2016-07-30,654.01,659.9,652.51,656.99,22.01,14431.2203,655.666528851
2016-07-29,657.35,663.78,652.51,654.01,22.88,15007.4331,655.919278846
2016-07-28,657.31,660.8,652.51,657.35,22.21,14547.2968,654.98859973
2016-07-27,646.9,661.61,645.75,656.91,17.27,11270.0917,652.582032426
2016-07-26,653.05,659.05,643.39,646.2,22.19,14445.1885,650.97739973
2016-07-25,657.92,664.56,650.68,655.09,20.99,13773.857,656.21043354
2016-07-24,653.2,667.42,652.38,663.69,30.39,19954.8582,656.625804541
2016-07-23,654.46,655.49,646.54,655.49,19.76,12920.4114,653.866973684
2016-07-22,661.24,667.99,645.0,657.49,10.86,7213.9941,664.272016575
2016-07-21,671.89,671.9,659.67,665.98,25.39,16885.7044,665.053343836
2016-07-20,672.21,676.26,660.33,670.56,22.75,15252.8816,670.456334066
2016-07-19,669.99,677.41,664.54,676.26,21.32,14323.3351,671.826224203
2016-07-18,676.5,681.04,663.57,675.71,16.38,11070.2845,675.841544567
2016-07-17,659.71,684.33,659.19,681.04,24.96,16737.8463,670.586790865
2016-07-16,661.71,668.99,655.25,658.84,25.42,16865.8385,663.486959087
2016-07-15,663.71,668.98,658.01,667.53,11.57,7684.3739,664.163690579
2016-07-14,655.38,666.49,650.01,662.75,27.59,18173.223,658.688764045
2016-07-13,666.52,667.69,657.31,657.83,17.15,11378.7686,663.485049563
2016-07-12,651.82,678.18,644.24,667.9,24.84,16305.2888,656.412592593
2016-07-11,644.66,661.91,641.5,645.88,21.67,14066.8421,649.138998616
2016-07-10,650.25,653.56,638.34,652.74,24.94,16137.1639,647.039450682
2016-07-09,660.22,667.01,630.12,651.07,19.79,12865.7862,650.115522991
2016-07-08,636.41,667.58,635.13,666.44,24.67,15993.7177,648.306351844
2016-07-07,677.88,678.19,608.01,640.87,22.06,14220.2162,644.615421578
2016-07-06,665.52,682.2,665.52,677.28,29.53,19917.5293,674.484568236
2016-07-05,684.02,684.99,664.81,671.19,22.13,14889.8136,672.833872571
2016-07-04,656.6,684.75,649.19,678.39,24.39,16386.5059,671.853460435
2016-07-03,700.9,706.33,646.68,654.21,27.54,18592.8998,675.123449528
2016-07-02,672.09,706.81,672.09,699.3,19.0,13040.0959,686.320836842
2016-07-01,670.07,684.27,662.6,672.1,21.56,14557.4885,675.208186456
2016-06-30,632.68,674.36,627.83,670.67,29.44,19390.3516,658.639660326
2016-06-29,637.6,645.66,621.38,632.59,27.62,17474.1271,632.662096307
2016-06-28,656.42,661.56,633.34,642.04,20.23,13119.3531,648.509792388
2016-06-27,628.03,660.99,617.49,660.99,24.22,15481.8089,639.215891825
2016-06-26,664.82,664.82,611.37,629.04,22.73,14453.3933,635.87300044
2016-06-25,659.53,687.66,645.08,663.53,27.06,18073.2863,667.896759054
2016-06-24,595.54,669.38,595.54,664.6,20.24,13144.9431,649.453710474
2016-06-23,598.14,625.15,551.87,594.77,19.18,11236.9986,585.870625652
2016-06-22,669.99,670.0,588.53,599.03,17.95,11363.8397,633.082991643
2016-06-21,728.24,728.24,630.0,669.97,19.92,13842.0358,694.881315261
2016-06-20,764.24,765.98,724.17,729.73,29.23,21637.878,740.262675334
2016-06-19,751.97,767.6,714.5,757.02,25.24,19068.1539,755.47360935
2016-06-18,741.0,779.18,727.05,755.72,24.33,18285.4275,751.558877928
2016-06-17,764.74,780.84,721.57,743.55,34.41,25743.3324,748.135204882
2016-06-16,692.13,774.66,692.13,768.59,24.86,18443.7291,741.903825422
2016-06-15,687.24,699.43,670.0,691.42,28.73,19668.5142,684.598475461
2016-06-14,701.08,707.37,662.39,681.37,21.41,14746.4964,688.766763195
2016-06-13,660.98,714.07,656.5,706.62,39.71,27526.1557,693.179443465
2016-06-12,599.99,684.4,599.99,671.91,40.38,25506.3116,631.657048044
2016-06-11,576.01,600.73,576.01,599.99,31.55,18433.712,584.269793978
2016-06-10,573.14,579.99,570.52,578.54,27.9,16077.1669,576.242541219
2016-06-09,579.6,583.36,571.82,572.68,20.71,11969.0155,577.934113955
2016-06-08,574.47,582.47,571.27,581.56,12.99,7511.8037,578.275881447
2016-06-07,587.64,589.99,562.35,580.15,15.95,9264.9749,580.876169279
2016-06-06,575.99,587.87,572.28,586.74,23.05,13409.2042,581.74421692
2016-06-05,568.99,584.5,568.99,572.8,22.14,12727.1104,574.846901536
2016-06-04,565.47,586.45,560.3,568.86,27.24,15618.2485,573.357140235
2016-06-03,539.99,575.99,533.47,571.84,22.61,12490.2355,552.420853605
2016-06-02,534.09,542.49,532.03,539.99,22.4,12016.7137,536.460433036
2016-06-01,529.58,544.98,519.99,538.94,26.04,13897.6148,533.702565284
2016-05-31,525.07,544.99,518.42,534.76,23.11,12318.9555,533.057356123
2016-05-30,513.05,536.38,510.92,529.28,26.53,13967.3508,526.473833396
2016-05-29,515.17,540.14,502.65,510.7,29.57,15329.4137,518.411014542
2016-05-28,470.59,520.0,470.59,520.0,37.17,18335.0349,493.275084746
2016-05-27,452.07,475.0,451.78,470.85,22.86,10722.4076,469.046701662
2016-05-26,447.53,452.55,445.42,452.54,26.67,12014.1531,450.474431946
2016-05-25,443.42,448.03,443.42,446.88,21.74,9709.696,446.628150874
2016-05-24,443.97,448.58,441.19,446.72,25.19,11201.468,444.679158396
2016-05-23,439.77,443.99,436.21,443.97,27.66,12191.12,440.749096168
2016-05-22,444.55,444.55,436.36,436.36,13.99,6182.5567,441.926854896
2016-05-21,441.0,445.8,440.01,441.59,26.62,11771.4155,442.201934636
2016-05-20,436.7,445.91,436.7,440.66,24.38,10773.3208,441.891747334
2016-05-19,451.14,455.94,440.47,444.08,25.9,11635.6059,449.25119305
2016-05-18,453.51,457.65,452.1,457.19,13.73,6254.0342,455.501398398
2016-05-17,457.21,457.21,453.51,453.97,12.22,5571.2631,455.913510638
2016-05-16,456.0,458.15,455.27,458.15,16.86,7722.4067,458.03123962
2016-05-15,0.0,0.0,0.0,0.0,0.0,0.0,0.0
2016-05-14,0.0,0.0,0.0,0.0,0.0,0.0,0.0
2016-05-13,456.0,458.5,453.98,458.5,11.62,5300.7869,456.177874355
2016-05-12,454.0,454.5,454.0,454.5,10.6,4813.45,454.099056604
2016-05-11,456.15,458.1,456.15,458.1,6.27,2860.158,456.165550239
2016-05-10,458.9,458.9,455.4,457.6,15.52,7083.012,456.379639175
2016-05-09,457.1,458.0,448.11,448.11,4.41,2016.8541,457.336530612
2016-05-08,456.5,458.9,456.5,458.9,6.17,2816.749,456.523338736
2016-05-07,449.01,458.9,449.01,458.9,5.07,2284.2076,450.534043393
2016-05-06,457.5,457.5,453.5,457.5,3.71,1684.0965,453.934366577
2016-05-05,455.0,455.0,451.0,452.0,4.8,2167.27,451.514583333
2016-05-04,453.0,455.0,451.0,452.5,14.71,6649.72,452.054384772
2016-05-03,451.99,454.0,448.0,454.0,12.34,5598.1195,453.656361426
2016-05-02,454.69,457.5,448.0,448.0,8.05,3658.6987,454.496732919
2016-05-01,454.0,458.0,448.02,448.02,11.29,5165.5404,457.532364925
2016-04-30,453.96,454.0,448.12,448.12,0.23,103.8667,451.594347826
2016-04-29,448.01,453.96,448.01,453.96,0.07,31.7177,453.11
2016-04-28,448.09,453.96,448.01,453.96,0.62,278.2756,448.831612903
2016-04-27,450.0,450.0,448.09,448.09,0.23,103.0798,448.173043478
2016-04-26,449.99,450.0,448.09,448.09,0.92,413.9608,449.957391304
2016-04-25,436.21,449.99,436.2,449.99,2.94,1316.9591,447.945272109
2016-04-24,453.94,453.94,453.94,453.94,0.05,22.697,453.94
2016-04-23,0.0,0.0,0.0,0.0,0.0,0.0,0.0
2016-04-22,453.95,453.95,437.5,437.5,0.03,13.2895,442.983333333
2016-04-21,429.89,536.21,429.18,439.95,114.87,56036.7786,487.827793157
2016-04-20,429.55,429.89,429.55,429.89,1.63,700.7173,429.88791411
2016-04-19,429.88,429.89,424.74,424.76,0.58,248.7676,428.909655172
2016-04-18,429.87,429.87,424.7,427.98,9.8,4162.9852,424.794408163
2016-04-17,429.88,429.89,429.87,429.88,0.6,257.9314,429.885666667
2016-04-16,429.88,429.89,423.48,429.89,0.92,393.8957,428.1475
2016-04-15,425.5,429.89,425.5,429.89,0.29,124.4464,429.125517241
2016-04-14,429.88,429.88,423.38,425.45,0.06,25.6397,427.328333333
2016-04-13,425.67,425.67,425.67,425.67,0.05,21.2835,425.67
2016-04-12,417.0,429.84,417.0,424.9,2.79,1186.382,425.226523297
2016-04-11,426.36,426.36,411.01,411.01,0.04,16.9009,422.5225
2016-04-10,419.06,421.63,401.15,421.63,0.34,141.4065,415.901470588
2016-04-09,415.08,422.29,415.0,415.0,0.91,378.0072,415.392527473
2016-04-08,420.0,431.43,415.0,419.0,0.93,392.3281,421.858172043
2016-04-07,421.0,421.0,419.49,420.91,5.14,2163.4994,420.914280156
2016-04-06,426.9,431.27,421.47,422.0,11.15,4707.9634,422.238869955
2016-04-05,429.99,430.28,426.85,430.28,0.26,111.7649,429.865
2016-04-04,430.28,430.28,421.63,429.98,0.97,412.9516,425.723298969
2016-04-03,430.98,430.98,421.48,430.28,2.28,965.1814,423.325175439
2016-04-02,430.49,431.6,430.01,430.98,0.27,116.403,431.122222222
2016-04-01,426.0,426.0,421.47,426.0,2.68,1135.2797,423.611828358
2016-03-31,425.1,426.0,424.36,426.0,24.18,10262.217,424.409305211
2016-03-30,429.02,431.61,425.1,430.49,1.06,454.5969,428.865
2016-03-29,429.01,431.69,429.01,429.02,0.82,352.3097,429.64597561
2016-03-28,431.68,431.69,429.0,429.01,0.44,189.104,429.781818182
2016-03-27,431.67,431.69,425.02,431.67,2.93,1264.5417,431.584197952
2016-03-26,431.67,431.67,431.67,431.67,0.11,47.4837,431.67
2016-03-25,430.37,431.69,430.37,431.65,0.19,81.9859,431.504736842
2016-03-24,431.68,431.69,424.01,424.01,1.76,757.8472,430.595
2016-03-23,422.05,431.69,422.05,431.69,4.71,2016.5739,428.147324841
2016-03-22,430.48,430.48,426.0,430.47,6.73,2883.766,428.494205052
2016-03-21,430.0,432.84,429.19,430.48,25.2,10854.2669,430.724876984
2016-03-20,420.46,425.01,420.46,425.01,0.02,8.4547,422.735
2016-03-19,427.01,439.99,420.0,420.01,0.48,205.5656,428.261666667
2016-03-18,438.36,439.99,427.0,427.0,0.74,318.1955,429.993918919
2016-03-17,434.91,449.0,429.02,449.0,3.46,1540.9763,445.368872832
2016-03-16,431.81,434.91,431.81,434.91,1.17,506.7553,433.124188034
2016-03-15,427.42,431.81,427.42,431.81,0.28,120.3617,429.863214286
2016-03-14,428.77,428.77,427.41,428.58,0.46,196.6788,427.562608696
2016-03-13,431.7,431.7,427.41,428.78,1.44,620.5162,430.914027778
2016-03-12,431.59,431.98,431.59,431.96,0.27,116.5945,431.831481481
2016-03-11,426.84,428.01,426.0,426.01,0.78,333.1979,427.176794872
2016-03-10,420.01,427.47,420.01,426.85,1.42,603.9738,425.333661972
2016-03-09,425.43,427.5,415.66,417.02,1.38,577.2195,418.275
2016-03-08,426.3,431.88,410.64,422.33,1.64,697.7875,425.480182927
2016-03-07,412.06,426.2,401.15,426.01,30.4,12663.3618,416.557953947
2016-03-06,418.04,431.11,417.0,420.3,1.13,473.6922,419.196637168
2016-03-05,426.43,434.92,413.32,422.21,11.31,4733.1704,418.49428824
2016-03-04,428.0,431.77,415.0,415.0,436.64,186679.625,427.536700715
2016-03-03,419.77,434.9,419.75,428.0,5.28,2253.9795,426.890056818
2016-03-02,448.92,448.92,400.0,434.87,763.83,329878.8578,431.874707461
2016-03-01,449.8,449.8,399.62,448.88,503.91,215860.09,428.370324066
2016-02-29,440.91,449.69,439.33,449.69,2.63,1161.8593,441.771596958
2016-02-28,435.0,440.0,430.67,435.38,1.72,751.4615,436.89622093
2016-02-27,435.65,440.99,435.65,440.93,1.77,777.0061,438.986497175
2016-02-26,422.04,434.64,422.04,434.64,1.56,667.2716,427.738205128
2016-02-25,409.84,437.0,395.91,423.43,640.83,272117.2388,424.632490364
2016-02-24,418.24,436.0,390.01,409.83,320.57,132387.5984,412.975632155
2016-02-23,434.2,447.99,386.47,423.4,649.21,276110.2323,425.301878129
2016-02-22,449.66,449.66,387.65,433.95,761.74,322898.1818,423.895531021
2016-02-21,403.0,453.0,393.71,443.07,359.79,157119.3788,436.697459073
2016-02-20,424.33,448.86,401.59,402.7,558.72,243115.6705,435.129708083
2016-02-19,428.03,429.38,406.77,426.77,465.43,196253.1305,421.659821026
2016-02-18,427.39,433.19,413.7,425.14,569.78,241290.7322,423.480522658
2016-02-17,413.03,435.19,412.05,427.68,524.34,221063.7542,421.603833772
2016-02-16,401.5,417.87,395.0,413.03,355.15,145577.2705,409.903619597
2016-02-15,406.76,416.1,393.0,401.49,614.54,251434.4296,409.142496176
2016-02-14,403.42,416.0,393.77,406.75,599.64,244146.5418,407.155196118
2016-02-13,391.89,406.32,389.41,394.0,624.58,247372.5749,396.062273688
2016-02-12,388.05,394.0,377.46,391.89,304.89,117839.7994,386.499391256
2016-02-11,393.22,393.51,374.0,388.02,712.59,274079.4719,384.624358888
2016-02-10,384.12,396.27,376.99,391.79,386.62,148868.4568,385.05110134
2016-02-09,382.5,390.17,372.18,375.66,328.43,125288.0291,381.475593277
2016-02-08,385.81,393.37,372.96,375.8,426.58,163249.3897,382.693491725
2016-02-07,386.75,388.04,378.79,386.44,184.11,70901.8652,385.105997501
2016-02-06,395.0,395.0,376.11,384.75,271.02,104717.6016,386.38329865
2016-02-05,396.02,405.0,390.66,399.29,238.75,94844.4473,397.254229529
2016-02-04,380.93,407.0,370.26,403.08,604.23,233803.2136,386.944066994
2016-02-03,382.78,391.28,367.5,380.99,535.91,203671.0276,380.047074322
2016-02-02,384.0,386.0,382.0,383.32,2.79,1070.0763,383.539892473
2016-02-01,383.26,389.33,371.64,374.23,455.4,174499.7383,383.17904765
2016-01-31,388.77,389.54,380.67,383.26,411.01,158971.7981,386.783285322
2016-01-30,384.75,393.2,381.26,388.77,395.76,153607.253,388.132335254
2016-01-29,387.5,395.19,376.42,385.16,292.21,113116.5824,387.107157181
2016-01-28,408.09,409.52,387.44,387.5,387.26,154107.1514,397.942342096
2016-01-27,403.01,409.74,396.26,408.21,203.81,82643.1685,405.491234483
2016-01-26,404.51,407.85,395.01,403.3,47.07,18978.8311,403.20439983
2016-01-25,414.3,414.88,392.05,404.76,344.43,139846.6561,406.023447725
2016-01-24,399.0,415.02,391.26,414.88,260.15,106457.4171,409.215518355
2016-01-23,391.77,404.5,382.66,396.4,183.94,72924.9782,396.460683919
2016-01-22,414.67,424.39,380.0,396.38,458.98,185279.9003,403.677502941
2016-01-21,423.48,434.07,412.09,424.05,187.62,79368.2012,423.026336211
2016-01-20,385.0,422.09,379.15,422.09,85.46,33243.4801,388.994618535
2016-01-19,395.26,400.02,387.6,387.6,196.54,77864.5767,396.176741121
2016-01-18,383.34,423.14,377.97,398.84,246.22,96094.4771,390.278925757
2016-01-17,395.24,404.11,373.93,385.5,362.88,142484.3307,392.648618552
2016-01-16,375.24,401.18,362.04,397.11,350.89,132541.3076,377.728939554
2016-01-15,437.52,444.18,366.23,375.05,836.82,345678.0656,413.085329701
2016-01-14,440.97,447.16,433.18,443.95,350.38,154620.567,441.293929448
2016-01-13,450.78,450.78,430.23,441.95,106.67,47196.6172,442.454459548
2016-01-12,454.46,460.96,449.45,460.91,186.43,85548.0896,458.875125248
2016-01-11,456.09,462.61,443.63,461.0,398.6,182041.4027,456.701963623
2016-01-10,463.45,463.56,445.37,456.32,515.03,235275.9716,456.819935926
2016-01-09,455.53,466.68,453.37,463.49,289.86,133976.2178,462.210093838
2016-01-08,467.15,470.0,451.09,456.58,91.02,42412.6134,465.970263678
2016-01-07,440.15,467.02,440.15,462.34,265.06,121398.2472,458.002894439
2016-01-06,443.85,444.72,433.84,440.15,139.99,61816.8198,441.580254304
2016-01-05,438.79,447.5,437.02,444.44,465.0,206197.7745,443.436074194
2016-01-04,434.39,446.67,433.57,438.61,584.71,257769.3319,440.849877546
2016-01-03,445.21,445.55,431.27,433.62,545.34,240756.2876,441.479237907
2016-01-02,443.59,448.69,435.91,445.24,431.23,190692.5789,442.206198316
2016-01-01,435.38,447.53,433.79,439.23,337.28,149400.4334,442.956692955
2015-12-31,435.24,449.1,426.16,444.43,303.11,132985.7225,438.737496288
2015-12-30,438.9,449.49,428.58,431.49,320.12,141353.262,441.563357491
2015-12-29,433.08,443.65,423.6,438.95,437.42,190436.6785,435.363445887
2015-12-28,436.73,442.73,425.61,427.41,287.73,125315.8019,435.532623988
2015-12-27,431.67,438.46,417.9,436.76,483.14,207536.2975,429.55726601
2015-12-26,460.58,469.04,419.0,430.41,820.74,363788.835,443.244919219
2015-12-25,468.79,469.05,458.15,460.56,490.44,228821.1267,466.562936751
2015-12-24,458.0,472.89,457.19,468.92,350.97,163919.4173,467.046805425
2015-12-23,449.13,458.0,442.31,458.0,352.7,158787.9079,450.206713638
2015-12-22,442.81,457.32,441.0,448.77,342.84,154542.6898,450.772050519
2015-12-21,450.0,460.05,436.27,448.75,373.61,168191.284,450.178753245
2015-12-20,465.73,475.87,450.0,457.15,275.45,129849.8152,471.409748412
2015-12-19,468.6,477.77,463.48,465.56,570.88,269267.0024,471.670057455
2015-12-18,470.32,473.2,463.01,468.52,214.1,100874.9564,471.158133582
2015-12-17,463.0,474.47,462.0,463.0,134.76,63284.6147,469.609785545
2015-12-16,478.37,478.37,460.0,463.0,8.07,3734.8178,462.802701363
2015-12-15,448.37,479.46,447.92,479.4,401.45,186845.4434,465.426437663
2015-12-14,442.42,457.75,435.02,448.06,409.1,183216.227,447.851935957
2015-12-13,442.36,451.53,434.2,442.76,436.45,193758.7368,443.942574865
2015-12-12,458.0,480.0,427.46,441.41,469.87,207429.8202,441.462149531
2015-12-11,425.0,464.52,425.0,450.6,353.64,156347.0241,442.107861384
2015-12-10,427.9,429.98,413.2,426.0,332.37,140494.6064,422.705437916
2015-12-09,410.0,429.9,410.0,427.7,758.26,321854.9186,424.46511566
2015-12-08,404.3,409.48,397.27,409.28,467.55,188232.6837,402.593698428
2015-12-07,398.73,405.0,392.01,404.51,574.47,230603.2072,401.419059655
2015-12-06,389.74,400.0,389.69,398.9,485.8,193060.5819,397.407537876
2015-12-05,371.2,395.5,367.65,389.99,486.33,184180.4561,378.714979746
2015-12-04,372.52,372.86,360.57,371.3,540.33,200182.4983,370.481924565
2015-12-03,367.84,381.41,360.58,372.64,615.45,228898.7326,371.920923877
2015-12-02,374.2,374.31,352.12,367.98,546.43,199052.3652,364.277885914
2015-12-01,389.34,389.54,360.95,374.22,526.03,197863.0741,376.144087029
2015-11-30,374.22,389.99,373.45,381.69,740.65,284384.7867,383.966497941
2015-11-29,360.83,375.0,359.57,374.51,454.98,168330.6546,369.97374522
2015-11-28,370.5,371.3,356.25,368.88,423.89,155030.4286,365.732686782
2015-11-27,366.88,377.0,353.25,370.62,685.34,251895.7316,367.548562174
2015-11-26,334.05,372.15,333.83,357.36,665.29,236085.676,354.86130259
2015-11-25,327.32,336.19,324.5,335.0,76.48,25335.6407,331.271452667
2015-11-24,335.13,335.13,327.02,330.03,241.11,80149.4788,332.418725063
2015-11-23,336.52,337.21,326.66,334.2,371.76,124504.9743,334.906860071
2015-11-22,335.21,337.62,327.52,336.39,174.45,58430.4926,334.94120149
2015-11-21,324.99,335.52,324.99,334.74,19.69,6519.9934,331.132219401
2015-11-20,336.74,337.17,324.45,328.33,164.26,54493.6378,331.752330452
2015-11-19,349.33,349.97,335.88,337.6,266.77,92291.6905,345.95977996
2015-11-18,350.12,351.71,344.15,349.3,414.2,144232.399,348.219215355
2015-11-17,344.19,353.1,343.29,349.72,546.97,191194.7617,349.552556265
2015-11-16,331.22,347.13,330.31,345.23,669.62,225182.358,336.283799767
2015-11-15,345.98,348.15,329.83,332.51,555.78,188599.1769,339.341424485
2015-11-14,351.07,354.25,341.41,347.48,424.14,147382.8371,347.486294855
2015-11-13,350.5,357.05,339.17,351.04,777.97,270275.6478,347.411401211
2015-11-12,326.22,359.24,318.78,350.53,878.26,299345.5385,340.839316945
2015-11-11,348.82,354.88,313.13,322.54,1036.56,340690.8966,328.674554874
2015-11-10,394.08,394.1,340.36,349.44,385.44,144457.9213,374.787051941
2015-11-09,389.89,399.99,370.07,394.1,287.97,111929.919,388.686040213
2015-11-08,401.82,407.59,387.64,391.16,122.59,49112.1661,400.621307611
2015-11-07,392.22,408.31,373.8,403.77,512.84,203800.675,397.396215194
2015-11-06,400.89,413.82,369.05,389.18,907.65,354009.1072,390.028212637
2015-11-05,427.39,468.48,386.25,403.71,1126.22,470573.125,417.834104349
2015-11-04,420.01,519.39,385.65,422.69,1089.24,509894.4746,468.119491205
2015-11-03,380.65,437.6,372.57,418.34,830.61,339194.3651,408.367784038
2015-11-02,341.17,384.99,336.08,380.64,343.94,122826.2192,357.115250334
2015-11-01,326.58,344.0,317.8,341.7,204.53,67340.4202,329.244708356
2015-10-31,345.58,351.68,322.8,325.23,234.21,79353.2439,338.812364545
2015-10-30,327.66,346.22,327.66,343.49,311.34,105723.099,339.574417036
2015-10-29,320.09,330.36,317.31,329.95,149.24,48702.8522,326.33913294
2015-10-28,308.91,322.17,308.91,317.16,245.54,77521.452,315.718221064
2015-10-27,299.48,309.98,297.68,309.37,219.77,66837.014,304.122555399
2015-10-26,298.07,300.04,288.0,299.32,279.46,82942.8748,296.796946969
2015-10-25,297.56,309.54,295.63,295.63,85.16,25829.5702,303.306366839
2015-10-24,289.99,293.81,289.7,293.4,40.32,11781.1972,292.192390873
2015-10-23,286.95,291.89,285.49,289.4,152.45,44092.2165,289.224116104
2015-10-22,279.24,289.83,278.39,286.13,187.77,53492.113,284.881040635
2015-10-21,281.58,283.28,277.15,278.37,81.43,22753.0243,279.418203365
2015-10-20,276.76,283.4,274.19,281.72,111.2,30991.7058,278.702390288
2015-10-19,271.02,277.45,269.36,275.19,152.4,41583.0081,272.854383858
2015-10-18,281.84,282.97,269.0,270.85,292.21,80700.1981,276.171924643
2015-10-17,274.27,286.91,273.98,281.85,477.71,134260.4241,281.050059869
2015-10-16,265.97,278.84,265.66,274.22,559.39,152386.5876,272.415644899
2015-10-15,264.43,269.68,262.75,266.19,289.05,76978.6283,266.315960214
2015-10-14,261.41,268.17,259.97,264.34,282.83,74527.3222,263.505717922
2015-10-13,257.21,262.0,255.15,261.36,328.44,85194.3426,259.390886007
2015-10-12,258.98,259.0,256.24,256.75,214.79,55501.0274,258.396700964
2015-10-11,257.46,259.0,256.09,258.81,171.72,44341.9223,258.222235616
2015-10-10,257.13,258.37,255.64,257.46,132.07,33907.4692,256.7386174
2015-10-09,254.66,257.39,253.23,256.9,173.33,44268.2165,255.39846824
2015-10-08,255.93,258.33,253.27,254.67,327.32,83566.995,255.306718196
2015-10-07,258.59,259.0,248.25,255.86,236.11,60717.4243,257.157360129
2015-10-06,251.35,259.96,251.35,258.57,297.99,75836.3338,254.49288164
2015-10-05,251.11,251.83,247.69,251.82,268.4,67230.2777,250.485386364
2015-10-04,251.19,252.39,250.45,250.91,134.72,33852.8229,251.282830315
2015-10-03,249.6,251.82,248.72,251.19,308.95,77327.5188,250.291370125
2015-10-02,250.19,252.13,248.12,250.08,501.35,125282.8145,249.890923507
2015-10-01,248.02,251.05,247.5,248.94,239.33,59738.0072,249.605177788
2015-09-30,249.36,250.78,247.11,248.43,173.33,43151.8818,248.957951884
2015-09-29,250.12,251.71,247.51,249.38,351.0,87562.8249,249.466737607
2015-09-28,244.58,251.69,243.53,250.34,461.44,114917.4098,249.040849948
2015-09-27,245.74,246.66,243.47,244.81,165.67,40576.5415,244.923893885
2015-09-26,246.83,248.28,244.09,245.91,403.31,99223.3082,246.022434852
2015-09-25,245.54,249.51,244.1,247.4,354.92,87713.6417,247.136373549
2015-09-24,241.05,246.5,240.61,245.86,383.79,93432.3243,243.446479325
2015-09-23,241.55,242.13,240.44,241.33,254.96,61616.7488,241.672218387
2015-09-22,236.7,242.46,235.19,241.87,384.53,92106.103,239.529043248
2015-09-21,242.0,242.11,236.45,236.84,340.97,81510.3298,239.054256386
2015-09-20,242.38,245.32,242.0,242.09,303.94,73708.5444,242.510180957
2015-09-19,244.87,245.3,242.16,242.61,320.78,78126.8876,243.552863645
2015-09-18,244.2,245.43,242.76,244.36,347.33,85006.9196,244.743959923
2015-09-17,240.01,247.53,238.25,244.51,486.52,117613.6709,241.744781098
2015-09-16,241.88,242.76,236.68,239.2,427.41,102526.8091,239.87929412
2015-09-15,241.75,243.0,241.28,241.8,376.26,91031.096,241.936682082
2015-09-14,240.99,242.88,239.17,241.69,460.95,111087.6124,240.997098167
2015-09-13,247.4,248.19,239.45,240.95,422.88,103141.4791,243.902476116
2015-09-12,251.34,252.63,245.18,247.57,329.78,82149.3655,249.103540239
2015-09-11,251.53,253.21,250.17,252.25,348.81,87969.8382,252.19987443
2015-09-10,249.91,254.76,244.97,251.44,436.67,109538.4071,250.849399089
2015-09-09,256.14,256.14,249.4,250.43,401.38,101423.5878,252.687198665
2015-09-08,252.52,258.35,252.02,256.15,391.19,100303.3482,256.405706179
2015-09-07,252.43,254.95,250.81,252.31,367.03,92810.7348,252.869615018
2015-09-06,247.01,267.04,245.0,252.46,566.57,143155.5367,252.670520324
2015-09-05,241.8,249.43,240.71,246.98,387.96,94885.2114,244.574727807
2015-09-04,237.99,243.13,237.0,242.62,424.02,101856.7002,240.216735531
2015-09-03,240.72,241.52,237.37,238.77,375.64,89685.8283,238.754734054
2015-09-02,238.49,242.94,237.42,239.74,300.79,72129.1083,239.798890588
2015-09-01,241.12,243.1,223.67,238.8,418.49,100039.2227,239.048060169
2015-08-31,239.49,244.36,235.52,241.19,484.03,116262.2889,240.196452493
2015-08-30,240.53,242.93,236.26,239.31,414.62,99339.6978,239.592151368
2015-08-29,243.93,245.14,238.36,240.3,427.15,103185.7639,241.56798291
2015-08-28,235.79,247.8,231.43,244.05,350.42,84240.0066,240.397256435
2015-08-27,234.28,240.38,229.9,236.79,311.79,73217.9307,234.830914077
2015-08-26,229.66,239.25,227.04,233.67,467.6,108876.1733,232.840404833
2015-08-25,216.58,236.19,209.63,229.68,739.0,164085.0761,222.036638836
2015-08-24,233.8,234.8,216.57,216.58,600.03,134812.4564,224.676193524
2015-08-23,235.79,239.36,231.4,234.54,260.69,61367.4812,235.40404772
2015-08-22,234.12,239.89,230.06,237.05,368.64,86695.0685,235.175424533
2015-08-21,242.78,244.07,234.11,237.67,368.39,88390.1455,239.936332419
2015-08-20,234.02,243.96,234.02,242.06,496.93,119388.054,240.251250679
2015-08-19,244.36,249.68,230.92,235.22,561.67,135895.4298,241.94888422
2015-08-18,270.72,271.8,248.06,248.06,522.88,139664.2704,267.105780294
2015-08-17,271.23,276.15,268.26,270.65,474.47,128777.2609,271.412862562
2015-08-16,275.51,282.0,266.77,271.22,531.59,144554.3716,271.928312421
2015-08-15,280.62,282.2,274.36,275.49,453.97,126929.5787,279.599045532
2015-08-14,274.8,284.16,273.94,280.29,439.96,123050.5306,279.685722793
2015-08-13,277.36,286.27,276.01,280.55,481.81,134897.4422,279.980577821
2015-08-12,276.6,286.78,276.34,281.44,521.12,147466.9891,282.980866403
2015-08-11,276.8,285.45,276.16,285.32,419.02,117210.4984,279.725307623
2015-08-10,277.46,284.9,274.52,278.93,749.04,208324.3148,278.121748905
2015-08-09,280.1,286.54,268.0,279.89,1324.83,367202.1267,277.169241865
2015-08-08,292.18,298.2,280.05,280.07,1075.27,306489.8845,285.035279046
2015-08-07,297.05,300.12,291.82,298.59,1103.89,323307.0387,292.879760393
2015-08-06,302.54,303.54,290.37,296.68,295.14,87429.3822,296.230203293
2015-08-05,312.87,316.92,295.99,302.41,221.29,68052.1959,307.52494871
2015-08-04,296.36,319.96,295.07,312.88,227.45,71506.0889,314.381573533
2015-08-03,298.02,324.98,296.11,319.96,268.95,83808.6184,311.614123071
2015-08-02,296.13,325.04,296.11,325.0,650.93,195373.8845,300.145767594
2015-08-01,297.51,317.49,291.72,314.99,1111.4,331546.0717,298.313902915
2015-07-31,302.03,319.99,293.42,297.53,1123.23,334731.522,298.007996581
2015-07-30,302.75,314.97,302.0,302.03,510.2,155737.0342,305.247029008
2015-07-29,306.81,317.99,302.33,302.81,718.61,219931.8246,306.051717343
2015-07-28,307.28,318.0,305.02,306.82,932.23,287113.7049,307.985910022
2015-07-27,306.1,321.22,302.0,307.27,760.97,235017.6283,308.83954466
2015-07-26,302.51,317.99,300.66,306.5,1201.06,365498.5243,304.313293507
2015-07-25,302.04,305.0,293.25,302.51,792.01,238973.9803,301.731013876
2015-07-24,290.61,303.0,288.24,301.24,1489.91,441267.417,296.170518353
2015-07-23,292.53,294.15,286.18,290.63,1002.0,291629.3362,291.047241717
2015-07-22,294.42,296.59,284.88,292.49,1269.5,370378.988,291.751861363
2015-07-21,293.15,301.49,285.64,294.42,1064.55,314050.3052,295.007566765
2015-07-20,304.96,305.0,292.0,293.0,536.18,158031.5325,294.735970197
2015-07-19,314.98,314.98,291.98,304.96,198.99,61787.6408,310.506260616
2015-07-18,304.89,316.99,292.3,314.98,217.14,68773.2544,316.723102146
2015-07-17,307.01,323.41,304.89,304.89,118.78,37903.2866,319.10495538
2015-07-16,332.84,352.19,307.0,323.43,274.97,90138.4326,327.811879841
2015-07-15,308.0,343.42,306.84,335.3,639.07,198899.034,311.231999624
2015-07-14,309.11,333.97,304.89,308.0,224.8,69217.893,307.90877669
2015-07-13,355.91,360.0,301.01,341.69,542.45,168367.4182,310.383294682
2015-07-12,313.93,376.79,313.93,326.76,262.32,84657.0123,322.724200595
2015-07-11,301.75,321.0,301.75,311.61,342.35,105695.0821,308.733991821
2015-07-10,286.99,336.01,284.0,301.76,1181.83,357636.191,302.612212416
2015-07-09,291.22,309.99,282.9,284.65,1378.28,399207.8363,289.642043924
2015-07-08,314.99,314.99,290.01,304.97,1555.92,455104.9128,292.498915625
2015-07-07,288.09,335.51,280.01,314.99,987.14,286043.2704,289.769708856
2015-07-06,292.34,319.34,288.07,288.09,1741.75,507326.2988,291.273890512
2015-07-05,293.32,298.9,288.01,291.71,1379.67,401082.489,290.709002153
2015-07-04,293.14,298.89,288.01,293.32,933.77,273740.761,293.156517129
2015-07-03,294.86,298.88,288.34,291.01,1151.26,336493.1675,292.282514376
2015-07-02,295.51,302.58,294.2,297.55,1347.17,397315.9975,294.926399415
2015-07-01,296.01,302.45,294.2,295.51,1224.05,361960.2509,295.707079694
2015-06-30,282.22,315.57,282.2,296.01,1228.88,357274.9739,290.732190206
2015-06-29,269.56,299.98,269.45,297.65,838.76,232186.35,276.820961896
2015-06-28,270.36,274.51,268.71,273.28,949.92,256080.1725,269.580777855
2015-06-27,270.96,277.49,268.01,273.86,1185.95,319512.0925,269.414471521
2015-06-26,267.02,277.49,267.0,270.96,1173.41,315256.5069,268.666967982
2015-06-25,267.02,272.1,267.01,269.25,749.42,200467.4233,267.496761896
2015-06-24,266.18,272.54,265.81,267.02,1005.14,268015.2635,266.644709692
2015-06-23,268.97,268.98,265.81,265.81,605.72,161206.7554,266.140717493
2015-06-22,265.81,272.54,265.81,268.98,36.97,9960.3076,269.415948066
2015-06-21,272.98,272.99,265.81,265.81,50.65,13660.4744,269.703344521
2015-06-20,277.98,279.0,266.13,272.94,126.06,34868.899,276.60557671
2015-06-19,274.5,278.99,267.78,277.53,163.2,45110.492,276.412328431
2015-06-18,279.98,279.99,266.13,274.49,166.8,46123.5119,276.519855516
2015-06-17,273.98,280.0,266.1,279.98,105.91,29228.3772,275.973724861
2015-06-16,271.99,274.0,271.15,273.98,117.87,32167.7439,272.908661237
2015-06-15,272.49,273.2,265.82,271.99,121.8,33135.3971,272.047595238
2015-06-14,268.56,272.47,265.82,267.16,52.06,13982.4795,268.583932002
2015-06-13,268.0,269.53,265.82,268.56,76.4,20471.715,267.954384817
2015-06-12,267.11,268.0,265.82,267.95,129.72,34733.1056,267.754437249
2015-06-11,269.39,272.61,266.34,266.92,108.36,29114.5093,268.683179217
2015-06-10,267.61,288.71,262.82,268.36,127.03,34307.8096,270.076435488
2015-06-09,267.08,268.99,262.19,267.67,146.01,39227.8344,268.665395521
2015-06-08,261.61,269.49,260.02,268.94,83.47,22092.433,264.675128789
2015-06-07,262.99,265.25,260.0,263.23,93.27,24501.801,262.697555484
2015-06-06,266.99,268.87,261.99,262.99,59.33,15796.82,266.253497387
2015-06-05,271.89,272.83,266.4,266.99,40.48,10878.7751,268.74444417
2015-06-04,272.08,275.0,266.4,268.78,26.39,7136.813,270.436263736
2015-06-03,269.99,274.09,264.55,272.3,107.57,29104.1673,270.560261225
2015-06-02,264.99,270.0,261.35,269.99,133.38,35610.4152,266.984669366
2015-06-01,269.16,269.25,256.07,264.98,137.61,36647.5969,266.314925514
2015-05-31,264.89,269.16,250.26,269.16,120.61,32092.8894,266.088130337
2015-05-30,265.01,268.34,263.9,264.89,73.45,19509.5576,265.616849558
2015-05-29,269.35,269.91,265.02,267.8,136.29,36679.7964,269.130504072
2015-05-28,263.9,269.36,263.9,269.35,86.8,23306.9593,268.513355991
2015-05-27,265.01,267.28,263.9,263.9,14.54,3869.5606,266.132090784
2015-05-26,270.39,274.3,265.01,265.01,67.34,18130.073,269.231853282
2015-05-25,263.65,273.96,262.57,267.81,32.9,8894.5264,270.350346505
2015-05-24,267.53,270.0,254.37,269.98,28.17,7566.5857,268.604391196
2015-05-23,272.05,274.06,264.51,269.8,15.97,4345.8433,272.125441453
2015-05-22,276.08,276.08,272.05,272.05,42.95,11791.3603,274.536910361
2015-05-21,272.44,276.55,272.0,275.65,67.97,18662.0456,274.562977784
2015-05-20,272.0,277.3,272.0,272.78,42.74,11706.3142,273.895980346
2015-05-19,272.54,273.31,272.0,272.0,4.52,1230.2419,272.177411504
2015-05-18,273.14,276.98,272.28,272.28,170.43,46585.5964,273.341526727
2015-05-17,272.6,276.62,272.28,273.13,261.19,71369.3435,273.246845208
2015-05-16,278.25,279.17,272.0,272.57,251.89,68951.6565,273.737172972
2015-05-15,274.52,287.0,271.32,277.14,121.81,33475.2375,274.815183482
2015-05-14,273.23,277.2,270.0,274.05,181.07,49599.3394,273.923562158
2015-05-13,279.41,298.7,270.0,273.22,169.2,46888.5148,277.118881797
2015-05-12,277.24,290.0,271.62,279.51,187.87,51948.9063,276.515176984
2015-05-11,272.15,277.28,268.57,276.87,381.21,104250.8963,273.473666221
2015-05-10,273.47,273.47,269.12,272.16,264.33,72038.3011,272.531688041
2015-05-09,268.65,275.66,266.86,273.45,244.85,67263.8489,274.714514601
2015-05-08,272.5,277.3,267.3,275.65,97.99,26956.0983,275.09029799
2015-05-07,272.5,277.31,262.91,273.79,135.59,36789.4855,271.328899624
2015-05-06,271.17,272.81,267.4,268.8,259.63,70311.5017,270.814242191
2015-05-05,271.01,273.21,267.52,271.19,176.33,47718.2634,270.619085805
2015-05-04,276.17,277.3,270.65,272.08,341.5,94075.915,275.47852123
2015-05-03,269.86,276.19,267.03,276.16,150.66,41262.5055,273.878305456
2015-05-02,268.0,271.06,262.6,270.51,137.69,37053.1287,269.10544484
2015-05-01,273.07,277.31,261.6,268.22,163.26,44252.6014,271.055992895
2015-04-30,260.12,274.89,259.74,273.26,123.7,33254.1372,268.828918351
2015-04-29,258.5,263.96,254.15,259.74,120.42,31044.717,257.803662182
2015-04-28,259.98,260.36,255.73,256.16,86.29,22213.8194,257.432140457
2015-04-27,252.95,262.08,249.87,259.39,188.23,47946.5686,254.723309781
2015-04-26,258.56,258.7,246.73,253.28,175.34,44016.9625,251.037769476
2015-04-25,260.17,263.17,256.0,258.03,122.66,31936.2108,260.363694766
2015-04-24,257.96,263.17,256.22,260.05,127.79,33321.4804,260.751861648
2015-04-23,258.87,261.4,256.69,257.79,119.61,31059.8166,259.675751191
2015-04-22,254.95,266.65,250.02,258.18,325.46,83713.4897,257.215908867
2015-04-21,251.51,263.68,247.42,251.92,81.55,20786.2367,254.889475169
2015-04-20,248.0,259.22,244.65,251.32,90.32,22795.4033,252.38489039
2015-04-19,243.84,251.79,241.05,247.99,122.74,30025.4947,244.626810331
2015-04-18,242.85,245.59,240.61,244.28,155.91,37914.4628,243.181725354
2015-04-17,248.21,248.21,240.49,242.85,222.28,54422.9438,244.839588807
2015-04-16,241.26,249.03,232.18,244.63,447.63,109560.4197,244.756651029
2015-04-15,236.07,242.47,232.86,239.83,356.73,85299.8899,239.116109943
2015-04-14,251.18,252.38,232.04,233.29,130.88,32122.127,245.43189945
2015-04-13,262.04,262.34,246.3,250.75,195.79,50178.3982,256.286828745
2015-04-12,266.73,266.73,250.01,262.04,135.78,35333.8063,260.228356901
2015-04-11,264.23,268.74,259.0,266.73,51.62,13728.2369,265.948022084
2015-04-10,269.12,276.17,258.8,266.34,70.29,18809.3758,267.59675345
2015-04-09,276.54,280.94,267.26,269.18,65.34,17968.293,274.996831956
2015-04-08,267.0,278.0,267.0,276.85,80.65,21986.4145,272.615182889
2015-04-07,272.46,274.31,266.55,267.1,55.61,15081.1734,271.195349757
2015-04-06,267.67,274.33,267.67,272.66,238.95,65020.8021,272.110492153
2015-04-05,267.14,275.44,264.97,274.33,151.92,41352.4935,272.199140995
2015-04-04,271.88,271.88,265.94,269.49,134.9,36329.9079,269.309917717
2015-04-03,269.58,272.99,265.81,271.88,160.48,43622.9597,271.828014083
2015-04-02,265.0,275.23,230.0,269.31,499.06,129502.9259,259.493699956
2015-04-01,260.3,265.35,257.59,265.2,192.96,50434.5531,261.37309857
2015-03-31,268.79,270.05,259.05,261.73,165.54,43916.2009,265.290569651
2015-03-30,260.28,269.28,250.02,265.98,352.89,92009.0688,260.730167474
2015-03-29,258.76,270.16,250.01,260.99,438.48,113825.9918,259.592208995
2015-03-28,271.53,274.86,257.02,270.5,333.41,89282.4806,267.785851054
2015-03-27,273.99,277.54,263.19,271.18,222.8,60332.4503,270.791967235
2015-03-26,272.51,284.6,266.47,270.89,188.72,51999.6593,275.538677936
2015-03-25,279.19,279.64,266.49,274.25,135.4,37411.1871,276.301234121
2015-03-24,291.64,292.49,278.82,278.9,161.92,46274.8189,285.788160203
2015-03-23,294.17,295.87,285.0,290.83,228.32,66496.6533,291.243225736
2015-03-22,288.0,294.92,283.5,293.59,118.51,34300.3581,289.430074255
2015-03-21,282.24,288.34,281.19,287.85,56.04,15952.9286,284.670389008
2015-03-20,290.28,290.28,276.99,283.46,229.18,64840.1611,282.922423859
2015-03-19,277.68,290.83,267.64,289.12,351.53,98112.07,279.100133701
2015-03-18,305.88,305.88,270.44,277.42,337.44,97676.0374,289.461941086
2015-03-17,310.16,312.91,293.58,304.77,289.74,89507.7829,308.924494029
2015-03-16,309.43,312.99,307.27,310.46,265.22,82830.1113,312.307183847
2015-03-15,305.11,310.65,296.8,309.36,270.14,82971.5272,307.142693418
2015-03-14,302.75,310.27,289.99,305.06,405.58,120653.9122,297.484866611
2015-03-13,308.1,308.11,294.89,304.05,189.77,57887.6821,305.041271539
2015-03-12,310.36,312.98,298.32,308.1,438.36,133361.7854,304.228910941
2015-03-11,295.53,311.74,292.61,310.39,456.8,137113.7714,300.16149606
2015-03-10,290.54,312.98,290.24,310.08,700.27,209284.72,298.86289574
2015-03-09,287.23,302.35,279.9,290.2,346.79,100777.4982,290.60093486
2015-03-08,289.09,290.91,276.28,286.55,231.51,66005.9815,285.11071444
2015-03-07,286.64,289.1,274.55,289.1,185.49,53089.5701,286.212572645
2015-03-06,284.79,289.59,274.34,286.93,214.99,60787.6897,282.746591469
2015-03-05,286.31,291.82,272.02,276.62,339.94,95822.1041,281.879461376
2015-03-04,294.95,296.56,280.26,286.22,387.96,112682.5871,290.448982112
2015-03-03,285.47,299.28,270.53,294.58,482.24,136663.11,283.39231503
2015-03-02,269.99,287.9,262.01,286.31,310.24,84323.5183,271.800922834
2015-03-01,262.8,270.0,255.0,269.99,328.84,86201.0781,262.136838888
2015-02-28,260.15,262.99,255.31,262.99,254.66,66096.4193,259.547707924
2015-02-27,251.14,263.0,245.24,262.99,585.7,151046.1013,257.889877582
2015-02-26,251.42,253.61,240.63,247.0,286.25,71785.5977,250.779380611
2015-02-25,254.99,254.99,248.11,252.18,166.64,42219.8673,253.359741359
2015-02-24,255.84,255.99,245.24,254.99,257.69,65729.6,255.072373782
2015-02-23,248.98,255.84,245.11,255.84,313.41,79225.3884,252.785132574
2015-02-22,250.99,250.99,240.76,250.99,362.36,90583.3092,249.98153549
2015-02-21,248.79,252.0,247.23,250.99,710.71,176931.2103,248.949937809
2015-02-20,247.84,253.11,245.75,247.71,1134.29,281919.6125,248.542799901
2015-02-19,245.89,247.84,240.0,247.84,447.8,110150.515,245.981498437
2015-02-18,248.63,251.36,238.5,245.69,624.45,153539.4279,245.879458564
2015-02-17,239.13,251.99,239.12,248.63,621.88,153045.9728,246.102098154
2015-02-16,239.32,255.62,233.12,241.29,613.22,147263.2342,240.147474316
2015-02-15,263.55,268.79,236.52,240.56,317.94,81325.3151,255.788246524
2015-02-14,242.45,268.01,241.32,265.91,573.07,144362.6165,251.910964629
2015-02-13,227.58,244.99,226.15,241.32,173.65,41218.6122,237.36603628
2015-02-12,223.1,228.91,221.43,227.95,289.41,64676.0636,223.475566152
2015-02-11,227.27,229.58,222.89,223.68,126.12,28472.935,225.760664447
2015-02-10,226.15,228.45,222.09,225.1,163.84,36787.2228,224.53138916
2015-02-09,229.03,230.97,220.99,227.15,413.05,92999.6769,225.153557439
2015-02-08,232.19,234.08,226.62,229.59,187.84,43400.9444,231.052727853
2015-02-07,233.24,234.49,228.46,232.19,450.56,104651.6295,232.270129395
2015-02-06,226.74,237.09,225.0,230.22,85.85,19832.2605,231.010605708
2015-02-05,237.1,244.48,225.0,225.77,218.83,50709.4075,231.729687429
2015-02-04,238.63,256.77,231.0,233.49,147.27,35640.5783,242.008408366
2015-02-03,247.13,261.76,235.78,238.63,280.73,69236.7054,246.630945749
2015-02-02,235.38,249.94,232.37,246.3,114.13,26868.7021,235.421905722
2015-02-01,232.58,242.17,223.04,235.37,323.63,74514.6769,230.246506504
2015-01-31,237.62,244.54,231.8,233.24,193.64,46120.4588,238.176300351
2015-01-30,240.05,252.58,235.47,238.72,596.34,143741.7974,241.040006372
2015-01-29,254.32,255.59,238.81,242.12,281.72,69185.4513,245.582320389
2015-01-28,273.74,291.8,247.34,254.12,269.1,71452.4831,265.523905983
2015-01-27,286.44,289.38,260.18,274.05,200.99,55058.5446,273.936736156
2015-01-26,260.53,314.85,260.53,286.44,381.62,111158.9045,291.281653215
2015-01-25,254.68,262.71,247.68,261.92,210.79,53857.2301,255.501826937
2015-01-24,238.58,255.84,235.02,254.58,383.31,94967.8694,247.757348882
2015-01-23,239.0,241.03,232.19,238.36,180.9,42949.6487,237.422049198
2015-01-22,236.99,245.04,234.5,238.99,204.32,48934.7834,239.50070184
2015-01-21,219.16,236.15,217.27,235.71,240.95,53995.7539,224.095264163
2015-01-20,224.9,236.45,215.56,220.5,251.15,56126.846,223.479378857
2015-01-19,219.01,232.0,218.74,225.23,234.44,52543.3055,224.122613462
2015-01-18,213.5,226.0,207.15,219.0,399.35,87009.4548,217.877688243
2015-01-17,219.11,220.62,208.6,212.51,215.2,46025.1196,213.871373606
2015-01-16,228.33,241.81,212.93,218.19,254.01,57392.0936,225.944228967
2015-01-15,185.44,240.43,182.63,232.46,207.97,43746.9033,210.35198971
2015-01-14,231.46,231.46,179.4,186.76,513.74,106511.447,207.325586873
2015-01-13,275.07,275.07,228.23,233.73,422.55,105850.5592,250.504222459
2015-01-12,273.08,281.99,270.48,275.01,159.76,44277.9203,277.152730971
2015-01-11,284.06,287.27,270.43,275.01,145.62,40863.5062,280.617402829
2015-01-10,296.23,297.1,280.0,283.84,140.58,40488.4466,288.010005691
2015-01-09,287.62,298.5,285.92,296.34,153.81,45006.5062,292.611053898
2015-01-08,300.28,300.77,286.71,287.44,462.7,135572.7241,293.00351005
2015-01-07,292.0,303.19,289.82,300.4,387.3,114533.071,295.721846114
2015-01-06,280.51,294.74,276.17,292.08,708.37,200400.9825,282.904389655
2015-01-05,272.35,285.0,272.09,282.87,395.75,110366.1106,278.878359065
2015-01-04,284.64,291.49,260.58,270.2,750.16,210886.0025,281.121364109
2015-01-03,318.99,321.0,285.52,285.53,173.75,52691.2994,303.259277122
2015-01-02,321.15,322.01,315.59,319.44,134.2,42718.5236,318.319847988
2015-01-01,326.64,327.31,318.38,320.49,95.84,30908.911,322.505331803
2014-12-31,318.33,327.31,316.13,327.31,131.73,42090.7497,319.522885448
2014-12-30,317.57,325.22,315.99,316.04,128.5,41126.9216,320.053864591
2014-12-29,323.53,325.05,316.56,316.81,103.03,33143.3907,321.686797049
2014-12-28,320.05,324.61,317.8,323.47,102.46,32898.0497,321.081882686
2014-12-27,330.16,331.6,316.82,319.34,267.0,86637.1471,324.483697004
2014-12-26,322.16,337.32,320.62,329.68,109.08,35970.2255,329.760043088
2014-12-25,329.03,329.03,320.62,322.5,46.65,15130.28,324.336120043
2014-12-24,336.36,338.43,327.64,329.13,180.46,60351.9122,334.433737116
2014-12-23,330.89,339.93,328.09,336.37,433.4,144753.5081,333.995173281
2014-12-22,326.21,338.76,324.85,331.4,162.49,53861.172,331.473764539
2014-12-21,330.33,331.71,319.71,325.08,329.25,107193.5904,325.568991344
2014-12-20,318.33,332.94,316.64,330.31,367.02,119177.7033,324.717190616
2014-12-19,315.37,323.89,308.58,320.35,178.33,56177.3394,315.019006337
2014-12-18,328.86,331.49,306.47,314.45,505.31,159069.7382,314.796339277
2014-12-17,330.08,337.26,319.88,328.82,204.66,66893.5561,326.852125965
2014-12-16,351.88,351.88,330.01,330.91,431.2,145609.0403,337.683303108
2014-12-15,356.42,357.16,350.23,351.22,398.69,140616.0384,352.695172691
2014-12-14,351.19,359.09,349.6,356.75,343.49,121526.9607,353.800578474
2014-12-13,356.9,357.46,348.52,351.09,200.03,70178.8158,350.841452782
2014-12-12,350.36,359.19,348.68,357.86,440.0,155886.2861,354.287013864
2014-12-11,349.5,366.8,345.0,350.32,401.91,143135.5745,356.138375507
2014-12-10,354.82,354.82,348.11,349.89,483.88,169592.1746,350.483951806
2014-12-09,364.34,366.66,348.32,353.48,222.96,79469.6709,356.430170883
2014-12-08,376.81,377.18,363.4,364.78,366.56,135449.5718,369.515418485
2014-12-07,375.38,377.36,372.76,373.93,189.11,70976.655,375.31941727
2014-12-06,378.11,378.11,370.76,375.38,348.82,130515.6972,374.163457371
2014-12-05,369.73,381.38,368.51,375.16,138.38,51645.2528,373.213273594
2014-12-04,373.72,379.79,368.5,372.15,350.23,131484.4977,375.423286697
2014-12-03,379.46,382.82,373.01,374.0,176.95,66832.1366,377.689384572
2014-12-02,380.32,384.72,376.86,380.1,226.74,86218.4492,380.252488313
2014-12-01,380.13,385.39,375.78,380.46,154.99,58880.5847,379.899249629
2014-11-30,377.99,383.2,374.51,379.81,164.46,62190.0706,378.147091086
2014-11-29,376.74,389.99,372.93,377.22,323.38,122015.6385,377.313496506
2014-11-28,369.47,383.0,361.75,376.51,278.28,103274.4869,371.117172991
2014-11-27,369.42,375.94,368.69,369.75,310.64,115432.3409,371.595225663
2014-11-26,377.46,380.51,366.29,370.94,436.64,162980.3334,373.260199249
2014-11-25,375.66,394.28,373.01,376.98,453.48,173837.2429,383.340484476
2014-11-24,366.87,389.08,366.43,378.14,633.37,238237.5601,376.142791891
2014-11-23,356.49,371.72,356.49,367.09,188.04,68783.0975,365.789712295
2014-11-22,355.9,367.34,354.01,357.09,161.13,57803.7913,358.740093713
2014-11-21,356.68,359.6,345.26,354.0,448.01,158386.4531,353.533298587
2014-11-20,377.64,380.71,355.11,358.82,606.22,222126.7775,366.412816304
2014-11-19,375.4,386.19,371.74,377.12,580.32,219138.6425,377.616905328
2014-11-18,387.98,392.87,371.62,374.84,908.67,347611.6057,382.549886868
2014-11-17,385.27,410.24,378.0,387.98,730.88,286934.6753,392.587942343
2014-11-16,375.18,389.5,373.67,384.22,642.53,244770.836,380.948494234
2014-11-15,397.64,404.63,367.44,374.29,1025.31,396583.3425,386.793596571
2014-11-14,416.33,418.33,383.47,397.63,762.21,302572.7916,396.967753769
2014-11-13,423.1,449.8,390.75,419.0,1052.12,445701.8607,423.622648272
2014-11-12,368.48,427.53,365.02,423.1,1152.31,450768.597,391.186917583
2014-11-11,360.01,368.08,359.17,364.73,309.66,112648.7745,363.782130401
2014-11-10,360.95,373.44,355.84,360.01,96.19,35210.3944,366.050466784
2014-11-09,343.85,363.93,341.15,363.93,28.59,9973.4344,348.843455754
2014-11-08,340.56,346.23,340.56,343.91,353.98,121616.4099,343.568591163
2014-11-07,346.56,349.64,340.68,341.18,207.4,71337.4793,343.960845227
2014-11-06,338.13,349.06,334.46,347.66,268.43,91534.068,340.997906344
2014-11-05,326.19,343.12,326.19,338.69,234.65,78831.1487,335.952050714
2014-11-04,325.18,330.87,321.58,328.65,352.64,114928.3044,325.90830422
2014-11-03,320.87,332.47,320.87,324.79,114.45,37559.2761,328.171918742
2014-11-02,323.47,327.94,317.82,323.41,161.69,52384.3381,323.980073598
2014-11-01,337.18,337.3,317.26,323.36,226.91,74240.3401,327.179675202
2014-10-31,343.04,345.87,334.51,334.82,305.03,103897.7415,340.614829689
2014-10-30,334.77,349.72,333.07,342.32,323.11,109620.6701,339.267339606
2014-10-29,353.87,356.16,334.42,334.42,257.34,89147.2531,346.418174788
2014-10-28,352.48,357.47,351.08,356.11,225.56,80001.7243,354.680458858
2014-10-27,354.25,358.11,350.11,351.25,178.0,63189.5257,354.997335393
2014-10-26,346.36,360.39,345.61,353.56,62.15,21987.0703,353.77426066
2014-10-25,361.33,363.8,343.6,348.08,249.9,87464.2105,349.996840736
2014-10-24,362.26,368.0,356.8,360.85,324.57,118069.1975,363.771135656
2014-10-23,384.39,386.96,359.11,362.47,367.9,137677.3874,374.225026909
2014-10-22,389.09,390.18,382.7,386.05,317.6,122824.4103,386.726732683
2014-10-21,382.13,395.22,380.85,389.98,320.9,124336.2552,387.46106326
2014-10-20,388.81,390.91,380.75,384.06,330.61,127355.6082,385.214023169
2014-10-19,389.77,393.36,385.13,390.13,223.05,86879.8542,389.508425017
2014-10-18,384.16,394.17,378.02,391.89,398.32,154309.2924,387.400312312
2014-10-17,383.29,385.86,373.66,384.29,390.63,148720.0606,380.718481939
2014-10-16,394.56,397.84,370.85,383.25,419.15,160560.1478,383.061309316
2014-10-15,399.59,400.45,386.29,391.66,504.15,197794.247,392.332137261
2014-10-14,393.63,412.23,392.77,398.24,492.54,198237.7791,402.480568279
2014-10-13,380.42,400.46,369.68,391.29,527.25,200781.8442,380.809566999
2014-10-12,365.25,383.08,357.07,381.4,531.71,194855.2067,366.468952436
2014-10-11,363.0,370.45,356.46,365.25,497.7,181266.7241,364.20880872
2014-10-10,367.61,381.89,357.46,363.64,370.99,136084.6406,366.814848379
2014-10-09,359.02,395.2,354.17,367.61,923.49,343999.3933,372.499315964
2014-10-08,337.29,361.37,330.54,358.61,631.46,216687.2038,343.152699775
2014-10-07,331.36,339.42,318.57,337.28,595.41,197505.2908,331.713089804
2014-10-06,327.43,347.97,301.93,330.77,1097.62,352220.653,320.894893497
2014-10-05,327.43,340.1,282.88,326.69,1128.36,354516.9374,314.187792371
2014-10-04,357.53,364.04,325.25,328.54,926.67,321391.1178,346.823699699
2014-10-03,371.97,374.79,353.37,357.26,729.83,267256.2733,366.18976104
2014-10-02,380.42,381.97,369.5,372.32,470.97,177032.8773,375.889923562
2014-10-01,386.45,389.65,374.01,380.39,793.65,302264.711,380.853916714
2014-09-30,371.98,392.89,369.9,387.3,1112.06,422533.4368,379.955611028
2014-09-29,372.61,384.53,367.73,371.97,1289.96,485703.5219,376.526033288
2014-09-28,399.04,402.71,370.63,373.55,980.74,381079.8209,388.563554969
2014-09-27,403.37,407.0,395.97,400.18,779.97,313345.1081,401.739949101
2014-09-26,409.82,414.07,396.17,404.68,1374.87,555172.6486,403.800103719
2014-09-25,423.48,424.31,406.97,409.76,1254.38,517423.9835,412.493808495
2014-09-24,445.75,447.49,422.86,422.95,1312.87,566081.0718,431.178313009
2014-09-23,400.67,457.19,394.74,446.16,1704.65,724622.4766,425.085781011
2014-09-22,402.97,410.97,398.9,400.5,1236.67,499550.6019,403.948184964
2014-09-21,413.7,415.88,398.35,403.02,1313.15,533286.6558,406.112520123
2014-09-20,395.96,432.18,392.55,413.8,1328.94,547935.1053,412.309890063
2014-09-19,429.49,432.45,380.82,397.51,1669.97,672291.1325,402.576772337
2014-09-18,455.57,456.03,415.21,428.92,1507.86,657814.0387,436.25670732
2014-09-17,464.09,465.63,446.88,455.85,929.88,424544.2651,456.55812051
2014-09-16,471.92,474.63,462.57,462.67,605.18,284021.2276,469.316943058
2014-09-15,477.16,481.79,470.89,470.9,617.59,294313.6384,476.551819816
2014-09-14,478.97,483.66,475.93,478.58,990.83,475667.899,480.070142204
2014-09-13,476.37,484.88,472.17,479.6,760.12,364314.3017,479.285246672
2014-09-12,480.87,481.43,469.02,477.24,546.0,259691.1784,475.624868864
2014-09-11,479.84,482.92,471.58,480.57,631.41,302234.079,478.665334727
2014-09-10,481.72,494.05,479.77,479.87,966.56,469635.6141,485.883560358
2014-09-09,473.29,483.79,466.01,481.25,959.81,454053.2808,473.065795105
2014-09-08,479.03,482.03,461.9,473.14,675.7,320170.9554,473.835955898
2014-09-07,482.26,485.01,478.01,478.71,203.46,98141.7201,482.363708346
2014-09-06,480.03,486.81,479.32,481.76,343.24,165868.3586,483.243091132
2014-09-05,491.23,491.48,476.99,480.03,320.5,155612.2489,485.529637754
2014-09-04,475.62,496.23,474.0,492.22,389.17,189211.9195,486.193487422
2014-09-03,475.18,479.65,472.24,475.59,402.06,191188.8369,475.523148038
2014-09-02,475.41,485.06,472.61,475.06,418.05,200106.1616,478.665617988
2014-09-01,479.58,487.58,471.57,475.54,429.09,205991.2404,480.065348528
2014-08-31,499.72,505.1,474.11,478.31,850.34,415796.046,488.976228332
2014-08-30,508.73,508.73,497.97,501.71,504.99,253975.9769,502.932685598
2014-08-29,508.04,513.33,502.26,509.2,509.08,258236.2322,507.260611692
2014-08-28,516.48,520.01,508.01,508.22,780.91,401387.4275,513.999599826
2014-08-27,519.02,528.0,514.45,516.09,838.01,436106.4564,520.407222348
2014-08-26,507.93,520.91,506.86,518.44,801.65,411746.9933,513.624391318
2014-08-25,513.03,513.03,502.01,506.22,511.99,260332.1812,508.471222485
2014-08-24,500.83,519.03,500.83,513.41,521.79,265916.0807,509.622799785
2014-08-23,520.21,520.22,493.77,500.86,758.54,386474.6196,509.498008806
2014-08-22,526.01,530.32,508.15,522.43,764.68,398428.9635,521.040125935
2014-08-21,524.06,539.48,517.22,525.09,1948.99,1026432.5118,526.648423953
2014-08-20,495.17,531.44,471.11,523.96,2596.0,1334376.2344,514.012416949
2014-08-19,477.69,498.96,462.2,493.82,842.68,409247.5824,485.650047942
2014-08-18,499.69,509.65,447.99,477.65,887.91,422652.019,476.007724882
2014-08-17,524.21,525.02,487.86,500.49,490.86,248160.2127,505.562100599
2014-08-16,501.61,529.52,486.05,524.1,487.94,246102.7828,504.370993975
2014-08-15,507.96,520.05,487.19,501.66,473.52,239925.3723,506.68477002
2014-08-14,549.68,549.93,498.0,505.86,513.32,266813.6947,519.780438518
2014-08-13,568.64,571.8,525.7,549.73,794.39,438096.8321,551.488352195
2014-08-12,573.86,574.01,562.57,568.59,917.88,521937.9227,568.634159912
2014-08-11,590.33,590.82,572.8,573.83,1029.03,599547.451,582.63359766
2014-08-10,589.04,596.49,584.93,590.38,745.43,439765.2295,589.948391532
2014-08-09,588.81,591.02,585.64,589.04,672.2,395280.962,588.040705147
2014-08-08,585.54,595.07,585.51,588.85,1251.68,739457.1491,590.771722086
2014-08-07,582.27,591.77,579.6,585.54,905.47,529888.3377,585.208055154
2014-08-06,581.33,586.31,577.21,582.28,1053.26,612930.3069,581.936375539
2014-08-05,588.53,589.4,579.39,581.37,1049.0,611319.7595,582.764308389
2014-08-04,587.29,595.67,583.65,588.53,610.44,359343.5002,588.6630958
2014-08-03,589.03,589.86,579.54,585.9,420.8,246338.3977,585.4049375
2014-08-02,597.64,598.34,585.95,589.22,401.29,237901.8162,592.842623041
2014-08-01,583.42,606.63,582.61,597.7,528.87,313496.2785,592.766234613
2014-07-31,562.83,588.98,557.85,583.55,463.5,266649.2623,575.295064293
2014-07-30,584.88,585.35,559.39,562.73,509.87,293672.329,575.974913213
2014-07-29,589.2,592.22,578.91,584.88,419.03,245316.7655,585.439623655
2014-07-28,593.79,596.16,573.23,590.3,510.44,299264.3202,586.286968498
2014-07-27,597.18,603.29,592.1,593.86,453.58,270515.6655,596.401220292
2014-07-26,601.67,601.67,592.33,597.08,364.03,216868.1531,595.742529737
2014-07-25,604.6,610.1,594.93,603.0,431.48,260180.374,602.995211829
2014-07-24,621.58,622.79,594.78,605.03,507.32,310266.932,611.580327998
2014-07-23,620.53,624.08,619.08,621.58,526.32,327500.3628,622.245711354
2014-07-22,622.92,626.28,620.11,621.18,444.37,277275.379,623.974118415
2014-07-21,627.35,628.24,618.45,622.95,370.55,230644.6831,622.438761571
2014-07-20,630.87,630.87,622.42,627.39,385.76,241436.831,625.87316207
2014-07-19,632.76,633.31,626.08,631.03,382.26,240874.9557,630.13382436
2014-07-18,622.26,633.17,619.63,632.47,424.42,265769.0681,626.193553791
2014-07-17,614.74,627.73,610.54,624.46,400.65,247110.2347,616.773330089
2014-07-16,623.84,624.7,614.36,615.04,307.28,190221.4234,619.049151914
2014-07-15,620.68,625.39,619.89,623.79,296.04,184429.3736,622.988020538
2014-07-14,631.39,632.83,618.04,620.62,328.21,205059.1496,624.780322355
2014-07-13,639.28,639.45,629.01,631.61,369.87,234936.7098,635.187254441
2014-07-12,635.79,641.2,631.41,639.45,256.67,163236.6077,635.978523785
2014-07-11,617.96,636.66,617.02,635.45,395.74,247657.6431,625.808973316
2014-07-10,623.31,625.25,609.97,617.75,537.45,332275.4959,618.244480231
2014-07-09,626.51,628.61,621.44,623.27,609.6,380856.776,624.765052493
2014-07-08,624.87,628.19,619.56,626.51,419.48,261913.8831,624.377522409
2014-07-07,630.58,636.15,615.49,624.12,638.26,399989.6189,626.687586407
2014-07-06,630.5,639.56,623.35,632.44,502.91,318210.5776,632.738616452
2014-07-05,627.87,633.01,625.26,630.5,403.05,253937.7441,630.04030294
2014-07-04,647.23,650.06,619.99,626.01,648.74,412305.0463,635.547440115
2014-07-03,650.48,653.46,600.0,647.24,569.56,368213.2846,646.487261395
2014-07-02,633.28,657.47,630.86,650.23,629.48,405497.5344,644.178582957
2014-07-01,634.02,653.2,632.36,633.4,1074.19,691231.4137,643.49082909
2014-06-30,594.09,640.63,590.9,634.27,967.33,598862.6046,619.088216638
2014-06-29,585.66,595.94,585.39,593.79,378.39,223514.1166,590.697736727
2014-06-28,594.06,599.4,584.57,585.63,452.01,267495.2628,591.790586049
2014-06-27,574.78,594.95,569.86,594.26,706.43,409588.4074,579.800415328
2014-06-26,562.16,575.7,558.6,574.5,449.78,255451.7053,567.948119747
2014-06-25,574.25,578.78,555.0,560.77,593.63,337709.2215,568.888401024
2014-06-24,587.9,593.02,574.03,574.22,609.14,356602.0423,585.418856585
2014-06-23,599.66,604.13,583.37,588.84,732.82,432721.2433,590.487764117
2014-06-22,590.31,609.41,589.42,599.81,735.4,442085.5258,601.149749524
2014-06-21,590.42,598.75,582.11,594.11,575.83,339847.6551,590.18747738
2014-06-20,598.66,601.7,579.09,589.4,971.21,575729.3304,592.795925083
2014-06-19,607.23,611.2,586.41,598.66,668.9,404843.4472,605.237624757
2014-06-18,611.65,620.86,601.5,609.18,759.43,463546.8774,610.387892762
2014-06-17,590.32,614.38,583.3,606.6,748.52,449011.6621,599.865951611
2014-06-16,595.63,612.54,584.25,590.32,1217.65,730021.1287,599.532812138
2014-06-15,571.65,597.38,553.5,591.72,812.98,462792.0713,569.253943885
2014-06-14,591.57,597.63,539.73,569.41,1241.12,705375.8542,568.338157632
2014-06-13,570.88,616.23,565.74,591.19,1563.73,924647.4063,591.308861696
2014-06-12,621.68,634.54,550.33,576.44,1335.58,808781.3829,605.56565904
2014-06-11,642.14,651.05,616.5,622.59,697.73,442872.6146,634.733513823
2014-06-10,653.64,665.0,637.58,642.13,652.17,427373.6075,655.310130027
2014-06-09,663.65,664.22,643.0,653.74,586.74,384202.6012,654.808946382
2014-06-08,662.6,668.11,650.41,664.03,331.12,219241.5207,662.121045844
2014-06-07,655.89,662.88,644.15,662.59,547.99,359787.2485,656.558054892
2014-06-06,666.44,668.74,652.48,655.83,682.33,453173.1401,664.155379508
2014-06-05,647.53,676.22,646.55,666.86,764.68,506915.173,662.91150939
2014-06-04,677.44,679.43,629.71,647.7,1486.47,962440.2901,647.46701252
2014-06-03,665.07,680.88,651.62,676.74,1309.8,879310.2293,671.331676057
2014-06-02,621.99,678.31,607.33,665.83,1263.97,807679.8904,639.00242126
2014-06-01,619.89,674.16,611.88,622.17,1461.32,935657.9771,640.282742384
2014-05-31,614.2,624.86,604.12,620.29,680.3,417862.7156,614.233008379
2014-05-30,564.55,621.81,563.4,612.97,1229.89,732863.9663,595.877652717
2014-05-29,573.02,575.17,554.19,564.71,497.7,280027.7237,562.643607997
2014-05-28,566.34,575.41,557.39,572.97,543.89,308782.7688,567.730182206
2014-05-27,580.69,592.33,549.12,566.35,943.27,537050.9001,569.350133154
2014-05-26,576.63,595.89,570.26,581.04,1065.14,622644.9652,584.566315414
2014-05-25,531.54,589.6,531.54,576.63,2036.27,1158685.7485,569.023630707
2014-05-24,526.19,531.55,522.45,531.54,1010.97,531266.0174,525.501268485
2014-05-23,530.39,550.99,523.43,526.18,2091.12,1116960.7174,534.144725028
2014-05-22,496.15,531.75,494.87,530.49,1875.91,966655.3587,515.299432649
2014-05-21,491.33,501.99,490.8,496.01,1248.86,621388.4349,497.564526768
2014-05-20,446.26,504.37,445.62,491.7,3650.92,1725836.3173,472.712718246
2014-05-19,454.19,457.86,442.6,446.78,1235.56,554801.0083,449.02797784
2014-05-18,456.91,458.69,452.47,454.17,842.64,383696.7693,455.350765807
2014-05-17,451.42,460.0,449.64,457.08,838.26,381114.8927,454.649980555
2014-05-16,450.5,457.22,448.38,451.52,1069.19,483991.9353,452.671588118
2014-05-15,449.2,456.83,448.45,450.61,946.36,428581.804,452.873963397
2014-05-14,442.84,453.77,442.61,449.39,800.8,358467.475,447.636707043
2014-05-13,445.21,445.97,437.44,443.57,793.21,350898.4409,442.377732126
2014-05-12,442.39,447.26,436.95,445.3,777.17,344661.8808,443.483254372
2014-05-11,460.26,461.34,433.66,442.7,784.54,352112.9257,448.814497285
2014-05-10,454.82,462.31,452.85,460.42,819.33,373741.983,456.155618615
2014-05-09,443.41,455.57,442.58,455.08,820.3,370321.5929,451.446535292
2014-05-08,436.83,452.93,434.27,444.09,705.62,314247.8886,445.350030611
2014-05-07,422.85,447.98,419.67,436.89,788.64,342119.7308,433.809762122
2014-05-06,425.33,426.6,414.36,422.0,780.73,329352.8683,421.852456419
2014-05-05,430.68,436.18,419.93,425.1,841.18,358068.2763,425.67378718
2014-05-04,434.89,438.0,423.96,431.12,789.87,339839.3799,430.24723043
2014-05-03,446.06,449.76,425.02,432.68,724.68,316425.0336,436.641046531
2014-05-02,457.23,457.65,438.04,445.38,778.81,348360.9678,447.299043156
2014-05-01,447.33,460.0,441.68,456.22,813.62,366636.9583,450.624318847
2014-04-30,443.41,448.01,428.69,446.73,802.82,353557.5541,440.39455183
2014-04-29,437.6,449.58,426.29,443.61,968.05,425619.0906,439.666433139
2014-04-28,425.61,447.62,418.54,437.88,793.42,343610.6973,433.075416929
2014-04-27,452.71,457.46,428.47,428.47,803.01,358918.4284,446.966324703
2014-04-26,461.92,465.14,445.0,453.05,826.7,374407.9057,452.894527277
2014-04-25,492.6,493.19,430.03,459.7,822.88,375766.5596,456.648064845
2014-04-24,480.29,493.6,467.94,493.4,823.23,393688.3029,478.223950658
2014-04-23,475.77,484.44,472.18,477.52,823.31,393996.5825,478.551921512
2014-04-22,486.86,494.45,473.54,475.86,827.35,400119.6274,483.615915151
2014-04-21,489.44,504.2,479.72,484.28,782.27,383332.6923,490.026068109
2014-04-20,493.94,504.24,481.63,489.5,868.53,427456.6163,492.161026447
2014-04-19,472.23,495.53,461.14,491.57,846.35,408532.5936,482.699348496
2014-04-18,489.25,600.0,400.0,469.65,782.56,373059.0285,476.716198758
2014-04-17,513.38,523.69,471.7,486.06,939.72,465877.4185,495.761948772
2014-04-16,511.39,532.94,485.28,517.51,1507.81,764023.5304,506.710746314
2014-04-15,445.0,515.56,444.6,508.48,1093.32,533214.5356,487.702169173
2014-04-14,406.6,463.71,398.19,450.12,852.76,372887.535,437.271371781
2014-04-13,415.41,419.02,387.43,404.53,414.31,168459.3984,406.602298762
2014-04-12,410.86,430.33,405.28,411.97,406.33,169206.9439,416.427396205
2014-04-11,356.33,421.31,333.77,410.93,1135.72,437046.8042,384.819149262
2014-04-10,433.66,434.03,353.0,353.19,567.0,224012.9965,395.084649912
2014-04-09,440.44,447.06,428.19,433.89,335.81,147112.1524,438.081511569
2014-04-08,436.83,450.24,434.35,443.17,365.73,161773.9109,442.331531184
2014-04-07,446.28,452.38,434.66,439.75,187.97,83034.7184,441.74452519
2014-04-06,454.24,454.59,439.72,444.94,128.32,57361.7784,447.021340399
2014-04-05,437.68,448.72,433.77,448.14,112.32,49429.0434,440.073392094
2014-04-04,440.53,448.25,421.23,437.69,185.25,80188.1094,432.864288259
2014-04-03,429.15,451.12,406.53,439.71,473.96,203968.0095,430.348572664
2014-04-02,469.9,481.39,423.39,427.92,326.55,144679.3998,443.054355535
2014-04-01,446.58,492.54,443.38,466.63,480.23,224835.3884,468.182721613
2014-03-31,460.32,485.49,437.12,445.22,1091.95,499076.3084,457.050513668
2014-03-30,488.21,491.54,438.69,456.38,719.28,332365.4835,462.080807891
2014-03-29,504.33,507.03,485.4,485.4,107.3,53440.4311,498.046888164
2014-03-28,474.28,526.33,471.4,498.51,386.12,194509.8824,503.755004662
2014-03-27,577.18,581.24,472.67,472.67,375.59,188616.8608,502.188186054
2014-03-26,586.22,593.25,565.49,583.26,46.37,26834.3708,578.701117102
2014-03-25,580.66,587.0,567.5,580.71,42.23,24414.1121,578.122474544
2014-03-24,561.39,591.73,548.91,581.25,36.26,20386.9946,562.244749035
2014-03-23,564.67,571.67,555.33,557.1,34.28,19331.7363,563.936298133
2014-03-22,571.29,573.44,546.26,569.92,49.34,27533.0331,558.026613296
2014-03-21,583.99,606.02,562.41,566.76,158.61,91272.1128,575.449926234
2014-03-20,611.48,611.48,581.76,588.96,41.01,24437.278,595.885832724
2014-03-19,612.3,623.27,604.49,613.62,37.96,23314.1181,614.175924658
2014-03-18,626.86,626.97,597.74,615.82,86.32,52454.2592,607.672140871
2014-03-17,636.71,637.04,616.28,620.31,36.35,22794.3965,627.081059147
2014-03-16,632.21,640.29,627.33,630.3,44.96,28460.4328,633.016743772
2014-03-15,633.94,641.61,624.31,639.2,43.69,27634.083,632.503616388
2014-03-14,644.1,646.75,624.06,624.92,33.67,21442.8707,636.853896644
2014-03-13,630.95,651.41,630.9,637.88,39.83,25581.2683,642.261318102
2014-03-12,629.86,650.68,627.97,636.76,33.6,21450.6638,638.412613095
2014-03-11,631.52,639.89,615.16,630.04,20.55,12898.2765,627.653357664
2014-03-10,636.2,648.38,614.82,631.46,9.6,6070.9477,632.390385417
2014-03-09,618.73,651.64,612.02,640.78,10.77,6779.498,629.479851439
2014-03-08,634.5,637.95,602.73,623.61,10.39,6434.1515,619.26385948
2014-03-07,670.36,673.43,612.86,634.22,14.46,9326.03,644.953665284
2014-03-06,672.32,681.33,650.47,670.69,37.7,25253.0856,669.843119363
2014-03-05,638.52,672.81,617.07,665.03,15.79,10243.7648,648.750145662
2014-03-04,646.22,665.95,626.41,642.97,16.7,10820.3184,647.923257485
2014-03-03,545.29,669.78,536.99,642.45,13.07,7597.2027,581.270290742
2014-03-02,535.28,544.25,524.1,538.52,14.53,7780.7545,535.495836201
2014-03-01,520.88,548.65,510.85,535.93,16.15,8624.7589,534.040798762
2014-02-28,552.98,561.36,520.37,520.37,17.55,9507.5277,541.739470085
2014-02-27,560.07,569.78,540.27,551.35,13.5,7472.5858,553.524874074
2014-02-26,506.32,579.88,505.7,555.17,16.06,8784.2069,546.961824408
2014-02-25,505.42,513.38,386.11,508.51,23.2,11023.378,475.145603448
2014-02-24,576.16,577.02,505.0,518.31,41.29,21325.2309,516.474470816
2014-02-23,581.62,607.3,572.62,577.86,209.62,126147.5293,601.791476481
2014-02-22,554.71,582.78,533.7,582.78,14.09,7812.9622,554.504059617
2014-02-21,529.56,557.46,510.62,551.0,13.17,7071.6673,536.952718299
2014-02-20,592.68,599.34,530.95,531.73,15.58,8916.0397,572.274691913
2014-02-19,598.34,601.5,586.24,595.49,71.16,42529.9549,597.666594997
2014-02-18,598.47,616.88,579.94,600.54,14.92,8925.4334,598.219396783
2014-02-17,598.81,643.16,592.79,596.79,14.06,8599.9091,611.657830725
2014-02-16,631.52,648.64,569.17,598.49,16.35,10081.9844,616.635131498
2014-02-15,642.04,646.8,622.14,634.09,19.38,12315.8488,635.492714138
2014-02-14,589.9,673.64,530.64,644.47,14.98,8976.7196,599.246969292
2014-02-13,644.64,653.84,585.86,599.01,15.11,9511.2248,629.465572469
2014-02-12,666.62,666.62,635.42,644.79,15.99,10379.3331,649.114015009
2014-02-11,689.77,711.29,633.84,666.09,14.32,9721.694,678.88924581
2014-02-10,685.84,702.97,543.19,684.76,145.52,91596.7101,629.444132078
2014-02-09,674.2,712.41,666.72,683.92,16.84,11595.5082,688.569370546
2014-02-08,700.0,721.86,668.55,676.93,28.0,19670.9891,702.535325
2014-02-07,762.77,766.76,650.61,701.2,20.62,14785.1454,717.029359845
2014-02-06,791.88,797.43,759.96,767.44,36.39,28404.7964,780.565990657
2014-02-05,809.5,813.74,784.91,784.91,14.23,11487.341,807.262192551
2014-02-04,813.91,816.85,805.15,809.44,15.7,12730.7645,810.876719745
2014-02-03,823.79,823.79,805.99,816.85,13.58,11075.6553,815.585810015
2014-02-02,821.81,832.27,818.89,822.0,12.2,10073.4258,825.690639344
2014-02-01,811.44,833.18,807.29,821.51,18.09,14813.7748,818.89302377
2014-01-31,802.06,815.59,798.71,813.24,14.66,11850.3947,808.348888131
2014-01-30,800.68,803.28,783.56,799.44,14.16,11255.1757,794.85704096
2014-01-29,793.56,811.92,788.99,799.78,17.89,14326.6256,800.817529346
2014-01-28,759.97,813.59,750.42,795.11,15.38,12049.398,783.445903771
2014-01-27,825.06,831.23,743.99,761.16,14.14,11469.5375,811.141265912
2014-01-26,803.8,844.08,799.85,822.97,15.24,12492.396,819.711023622
2014-01-25,788.1,807.05,782.39,804.66,17.68,14126.4624,799.008054299
2014-01-24,817.02,817.02,777.0,784.9,16.95,13371.6103,788.885563422
2014-01-23,827.8,828.4,808.98,820.6,7.6,6244.6567,821.665355263
2014-01-22,828.01,832.25,811.3,823.93,7.05,5816.7472,825.070524823
2014-01-21,832.06,836.06,820.79,832.78,6.37,5275.5673,828.189529042
2014-01-20,850.35,851.3,824.11,836.0,4.57,3831.5119,838.405229759
2014-01-19,818.79,848.0,805.89,844.77,5.36,4414.03,823.513059701
2014-01-18,808.92,821.34,806.11,816.23,12.99,10565.7459,813.375357968
2014-01-17,816.51,824.17,781.29,798.8,7.73,6233.9179,806.457684347
2014-01-16,848.96,852.44,819.16,819.73,8.01,6712.668,838.035955056
2014-01-15,821.66,851.8,818.84,848.63,5.86,4912.151,838.251023891
2014-01-14,825.59,841.3,808.23,816.9,12.99,10764.1261,828.647120862
2014-01-13,845.87,901.7,613.7,824.74,431.33,359196.1128,832.764038671
2014-01-12,899.76,908.9,816.42,843.4,922.79,801714.4149,868.79399961
2014-01-11,855.16,865.3,848.15,854.81,30.11,25797.7363,856.783005646
2014-01-10,831.9,872.87,805.5,860.0,977.92,810783.6209,829.089926477
2014-01-09,831.3,861.45,783.2,828.81,946.98,782719.7108,826.543021817
2014-01-08,787.01,859.65,766.8,830.5,927.51,760631.0692,820.078564328
2014-01-07,905.34,938.23,790.98,790.98,1156.25,1027205.086,888.393587892
2014-01-06,928.18,1014.16,867.28,905.34,4681.02,4411896.9009,942.507594691
2014-01-05,826.38,957.46,824.66,893.86,2642.19,2365365.9477,895.229316476
2014-01-04,826.85,827.98,782.72,819.01,156.97,126571.9924,806.345113079
2014-01-03,767.82,835.51,756.45,826.19,4682.31,3738180.188,798.362386941
2014-01-02,738.18,817.75,731.33,800.07,4991.8,3795174.0636,760.281674666
2014-01-01,752.69,772.36,719.43,738.1,2697.5,2018043.5009,748.116219055
2013-12-31,721.99,756.09,698.17,722.58,4821.72,3529504.5764,732.001148221
2013-12-30,715.05,758.58,710.4,721.52,4824.67,3552759.3434,736.373543351
2013-12-29,699.61,750.01,690.5,746.28,4718.43,3381445.0537,716.64622633
2013-12-28,710.46,752.42,672.8,732.42,4583.78,3318390.3467,723.941887852
2013-12-27,777.0,779.0,694.84,742.43,1502.36,1080525.2663,719.218606925
